0 0.309017 0.587785 0.809017 0.951057 1 0.951057 0.809017 0.587785 0.309017 1.22465e-16 -0.309017 -0.587785 -0.809017 -0.951057 -1 -0.951057 -0.809017 -0.587785 -0.309017 -2.44929e-16 0.309017 0.587785 0.809017 0.951057 1 0.951057 0.809017 0.587785 0.309017 3.67394e-16 -0.309017 -0.587785 -0.809017 -0.951057 -1 -0.951057 -0.809017 -0.587785 -0.309017 -4.89859e-16 

-0.0139058 0.279476 0.562498 0.790457 0.941042 0.999511 0.96014 0.826785 0.612498 0.338255 0.0309017 -0.279476 -0.562498 -0.790457 -0.941042 -0.999511 -0.96014 -0.826785 -0.612498 -0.338255 -0.0309017 0.279476 0.562498 0.790457 0.941042 0.999511 0.96014 0.826785 0.612498 0.338255 0.0309017 -0.279476 -0.562498 -0.790457 -0.941042 -0.999511 -0.96014 -0.826785 -0.612498 -0.338255 -0.0169959 

-0.0272779 0.250605 0.536673 0.771143 0.930129 0.998066 0.968307 0.843762 0.636624 0.367169 0.0617732 -0.24967 -0.536673 -0.771143 -0.930129 -0.998066 -0.968307 -0.843762 -0.636624 -0.367169 -0.0617732 0.24967 0.536673 0.771143 0.930129 0.998066 0.968307 0.843762 0.636624 0.367169 0.0617732 -0.24967 -0.536673 -0.771143 -0.930129 -0.998066 -0.968307 -0.843762 -0.636624 -0.367795 -0.0348042 

-0.0401966 0.222448 0.510388 0.751093 0.918327 0.995669 0.975548 0.859933 0.660142 0.395732 0.0925849 -0.219625 -0.510337 -0.751093 -0.918327 -0.995669 -0.975548 -0.859933 -0.660142 -0.395732 -0.0925849 0.219625 0.510337 0.751093 0.918327 0.995669 0.975548 0.859933 0.660142 0.395732 0.0925849 -0.219625 -0.510337 -0.751093 -0.918327 -0.995669 -0.975548 -0.859933 -0.660114 -0.397565 -0.0534574 

-0.0527449 0.195045 0.48372 0.730329 0.905649 0.992321 0.981857 0.875283 0.683029 0.423916 0.123307 -0.189372 -0.483514 -0.730326 -0.905649 -0.992321 -0.981857 -0.875283 -0.683029 -0.423916 -0.123307 0.189372 0.483514 0.730326 0.905649 0.992321 0.981857 0.875283 0.683029 0.423916 0.123307 -0.189372 -0.483514 -0.730326 -0.905649 -0.992321 -0.981857 -0.875284 -0.682919 -0.42749 -0.0729801 

-0.0650084 0.168426 0.456745 0.708876 0.892106 0.988025 0.987229 0.889796 0.705263 0.451695 0.153911 -0.158938 -0.456229 -0.708862 -0.892106 -0.988025 -0.987229 -0.889796 -0.705263 -0.451695 -0.153911 0.158938 0.456229 0.708862 0.892106 0.988025 0.987229 0.889796 0.705263 0.451695 0.153911 -0.158938 -0.456229 -0.708862 -0.892106 -0.988025 -0.987228 -0.889802 -0.704993 -0.457492 -0.0933887 

-0.0770739 0.142613 0.429542 0.686763 0.877712 0.982785 0.991657 0.903458 0.726823 0.479041 0.184368 -0.128353 -0.42851 -0.686721 -0.877711 -0.982785 -0.991657 -0.903458 -0.726823 -0.479041 -0.184368 0.128353 0.42851 0.686721 0.877711 0.982785 0.991657 0.903458 0.726823 0.479041 0.184368 -0.128353 -0.42851 -0.686721 -0.877711 -0.982785 -0.991656 -0.903477 -0.726295 -0.487489 -0.114692 

-0.0890288 0.117618 0.402186 0.664024 0.862482 0.976607 0.995138 0.916258 0.747688 0.50593 0.214647 -0.0976464 -0.400382 -0.663925 -0.862478 -0.976607 -0.995138 -0.916258 -0.747688 -0.50593 -0.214647 0.0976464 0.400382 0.663925 0.862478 0.976607 0.995138 0.916258 0.747688 0.50593 0.214647 -0.0976464 -0.400382 -0.663925 -0.862478 -0.976607 -0.995137 -0.9163 -0.746787 -0.517399 -0.136888 

-0.10096 0.0934473 0.374752 0.640692 0.846431 0.969496 0.997668 0.928182 0.767839 0.532334 0.244721 -0.0668471 -0.371872 -0.640495 -0.846422 -0.969496 -0.997668 -0.928182 -0.767839 -0.532334 -0.244721 0.0668471 0.371872 0.640495 0.846422 0.969496 0.997668 0.928182 0.767839 0.532334 0.244721 -0.0668471 -0.371872 -0.640495 -0.846422 -0.969496 -0.997665 -0.928264 -0.766432 -0.547139 -0.15997 

-0.112954 0.0700962 0.347313 0.616807 0.829577 0.96146 0.999246 0.939219 0.787255 0.55823 0.27456 -0.0359848 -0.343007 -0.616454 -0.829558 -0.961459 -0.999246 -0.939219 -0.787255 -0.55823 -0.27456 0.0359848 0.343007 0.616454 0.829558 0.961459 0.999246 0.939219 0.787255 0.55823 0.27456 -0.0359848 -0.343007 -0.616454 -0.829558 -0.961459 -0.999239 -0.939363 -0.785201 -0.576622 -0.18392 

-0.125094 0.0475537 0.319939 0.59241 0.81194 0.952506 0.999869 0.949359 0.805919 0.583591 0.304137 -0.00508878 -0.313816 -0.591825 -0.811902 -0.952504 -0.999868 -0.949359 -0.805919 -0.583591 -0.304137 0.00508878 0.313816 0.591825 0.811902 0.952504 0.999868 0.949359 0.805919 0.583591 0.304137 -0.00508878 -0.313816 -0.591825 -0.811902 -0.952504 -0.999855 -0.949594 -0.803066 -0.605766 -0.208712 

-0.137463 0.0258007 0.292696 0.567545 0.793541 0.942643 0.999537 0.958592 0.823813 0.608395 0.333422 0.0258113 -0.284326 -0.566631 -0.79347 -0.942639 -0.999536 -0.958592 -0.823813 -0.608395 -0.333422 -0.0258113 0.284326 0.566631 0.79347 0.942639 0.999536 0.958592 0.823813 0.608395 0.333422 0.0258113 -0.284326 -0.566631 -0.79347 -0.942641 -0.999513 -0.958952 -0.820004 -0.634485 -0.234313 

-0.150136 0.00481095 0.265649 0.542259 0.774401 0.931882 0.99825 0.966909 0.84092 0.632616 0.362388 0.0566861 -0.254564 -0.540896 -0.774282 -0.931875 -0.99825 -0.966909 -0.84092 -0.632616 -0.362388 -0.0566861 0.254564 0.540896 0.774282 0.931875 0.99825 0.966909 0.84092 0.632616 0.362388 0.0566861 -0.254564 -0.540896 -0.774282 -0.931877 -0.99821 -0.967435 -0.835994 -0.662696 -0.26068 

-0.163189 -0.0154489 0.238855 0.516599 0.754547 0.920234 0.99601 0.974302 0.857223 0.656233 0.391007 0.087506 -0.224561 -0.514646 -0.754354 -0.92022 -0.996009 -0.974302 -0.857223 -0.656233 -0.391007 -0.087506 0.224561 0.514646 0.754354 0.92022 0.996009 0.974302 0.857223 0.656233 0.391007 0.087506 -0.224561 -0.514646 -0.754354 -0.920224 -0.995947 -0.975043 -0.851022 -0.690318 -0.287766 

-0.176689 -0.0350182 0.21237 0.490615 0.734004 0.907712 0.992819 0.980764 0.872707 0.679223 0.419252 0.118242 -0.194343 -0.487904 -0.733706 -0.907687 -0.992818 -0.980764 -0.872707 -0.679223 -0.419252 -0.118242 0.194343 0.487904 0.733706 0.907687 0.992818 0.980764 0.872707 0.679223 0.419252 0.118242 -0.194343 -0.487904 -0.733705 -0.907694 -0.992723 -0.981774 -0.865075 -0.717272 -0.315512 

-0.190699 -0.0539426 0.186243 0.464359 0.7128 0.894328 0.988681 0.98629 0.887357 0.701563 0.447096 0.148863 -0.163941 -0.460697 -0.712358 -0.894287 -0.988678 -0.98629 -0.887357 -0.701563 -0.447096 -0.148863 0.163941 0.460697 0.712358 0.894287 0.988678 0.98629 0.887357 0.701563 0.447096 0.148863 -0.163941 -0.460697 -0.712357 -0.894298 -0.988539 -0.987627 -0.878144 -0.74348 -0.343856 

-0.205277 -0.0722725 0.160517 0.437883 0.690967 0.880098 0.983599 0.990874 0.901159 0.723233 0.474512 0.179342 -0.133383 -0.433051 -0.690329 -0.880034 -0.983594 -0.990873 -0.901159 -0.723233 -0.474512 -0.179342 0.133383 0.433051 0.690329 0.880034 0.983594 0.990873 0.901159 0.723233 0.474512 0.179342 -0.133383 -0.433051 -0.690328 -0.880051 -0.983396 -0.992604 -0.890226 -0.76887 -0.372727 

-0.220472 -0.0900633 0.135232 0.411239 0.668537 0.865038 0.977579 0.994511 0.9141 0.744211 0.501474 0.209649 -0.102698 -0.404992 -0.667642 -0.86494 -0.977571 -0.99451 -0.9141 -0.744211 -0.501474 -0.209649 0.102698 0.404992 0.667642 0.86494 0.977571 0.99451 0.9141 0.744211 0.501474 0.209649 -0.102698 -0.404992 -0.667641 -0.864965 -0.977298 -0.996705 -0.901318 -0.793371 -0.40205 

-0.236327 -0.107374 0.110421 0.38448 0.645543 0.849166 0.970627 0.997198 0.926168 0.764478 0.527957 0.239755 -0.0719153 -0.376546 -0.644318 -0.84902 -0.970614 -0.997197 -0.926167 -0.764478 -0.527957 -0.239755 0.0719153 0.376546 0.644318 0.84902 0.970614 0.997197 0.926167 0.764478 0.527957 0.239755 -0.0719152 -0.376546 -0.644315 -0.849057 -0.970247 -0.99993 -0.911421 -0.816917 -0.431744 

-0.252878 -0.124267 0.0861095 0.357659 0.622022 0.832501 0.962751 0.998933 0.93735 0.784015 0.553935 0.269632 -0.041065 -0.347742 -0.620379 -0.83229 -0.96273 -0.998931 -0.93735 -0.784015 -0.553935 -0.269632 0.041065 0.347742 0.620379 0.83229 0.96273 0.998931 0.93735 0.784015 0.553935 0.269632 -0.041065 -0.347742 -0.620375 -0.832343 -0.962245 -1.00228 -0.920542 -0.839448 -0.461722 

-0.270152 -0.140808 0.062319 0.330828 0.59801 0.815064 0.953959 0.999714 0.947637 0.802802 0.579383 0.29925 -0.0101762 -0.318606 -0.595848 -0.814765 -0.953926 -0.999711 -0.947637 -0.802802 -0.579383 -0.29925 0.0101762 0.318606 0.595848 0.814765 0.953926 0.999711 0.947637 0.802802 0.579383 0.29925 -0.0101762 -0.318606 -0.595841 -0.814839 -0.953299 -1.00376 -0.928687 -0.860906 -0.491895 

-0.288168 -0.157062 0.0390641 0.304037 0.573548 0.796875 0.944261 0.999541 0.957019 0.820822 0.604277 0.328581 0.0207215 -0.289166 -0.570749 -0.796462 -0.944212 -0.999536 -0.957019 -0.820822 -0.604277 -0.328581 -0.0207215 0.289166 0.570749 0.796462 0.944212 0.999536 0.957019 0.820822 0.604277 0.328581 0.0207216 -0.289167 -0.570738 -0.796564 -0.943413 -1.00436 -0.935866 -0.881239 -0.522169 

-0.306938 -0.173099 0.0163534 0.277335 0.548675 0.77796 0.933667 0.998414 0.965487 0.838057 0.628593 0.357598 0.0515988 -0.259451 -0.545104 -0.777399 -0.933596 -0.998407 -0.965486 -0.838057 -0.628593 -0.357598 -0.0515988 0.259451 0.545104 0.777399 0.933596 0.998407 0.965486 0.838057 0.628593 0.357598 0.0515989 -0.259453 -0.54509 -0.777535 -0.932594 -1.00409 -0.942091 -0.900402 -0.552448 

-0.326464 -0.188985 -0.00581064 0.250771 0.523433 0.758343 0.92219 0.996335 0.973032 0.854492 0.652308 0.386273 0.082426 -0.229489 -0.51894 -0.757594 -0.922089 -0.996324 -0.973031 -0.854491 -0.652308 -0.386273 -0.082426 0.229489 0.51894 0.757594 0.922089 0.996324 0.973031 0.854491 0.652308 0.386273 0.0824261 -0.229491 -0.51892 -0.757773 -0.920848 -1.00295 -0.947377 -0.918352 -0.582633 

-0.34674 -0.20479 -0.0274314 0.224389 0.497866 0.738049 0.909842 0.993305 0.979648 0.87011 0.6754 0.414578 0.113174 -0.199309 -0.492281 -0.737066 -0.909701 -0.993289 -0.979646 -0.870109 -0.6754 -0.414578 -0.113174 0.199309 0.492281 0.737066 0.909701 0.993289 0.979646 0.870109 0.6754 0.414578 0.113174 -0.199311 -0.492253 -0.737297 -0.908185 -1.00093 -0.95174 -0.935056 -0.612626 

-0.367751 -0.220578 -0.048518 0.198232 0.472016 0.717109 0.896637 0.98933 0.985328 0.884896 0.697846 0.442486 0.143813 -0.168938 -0.465152 -0.715834 -0.896445 -0.989305 -0.985326 -0.884896 -0.697846 -0.442486 -0.143813 0.168938 0.465152 0.715834 0.896445 0.989305 0.985326 0.884896 0.697846 0.442486 0.143813 -0.168942 -0.465114 -0.71613 -0.894612 -0.998045 -0.955196 -0.950483 -0.642324 

-0.389475 -0.236415 -0.0690851 0.172341 0.445929 0.69555 0.882592 0.984411 0.990068 0.898837 0.719625 0.469971 0.174313 -0.138407 -0.43758 -0.693919 -0.882332 -0.984377 -0.990064 -0.898837 -0.719625 -0.469971 -0.174313 0.138407 0.43758 0.693919 0.882332 0.984377 0.990064 0.898837 0.719625 0.469971 0.174314 -0.138413 -0.437529 -0.694293 -0.880141 -0.994284 -0.957765 -0.96461 -0.671629 

-0.411881 -0.252363 -0.0891524 0.146751 0.419649 0.673404 0.867723 0.978557 0.993862 0.911919 0.740716 0.497007 0.204647 -0.107745 -0.40959 -0.671342 -0.867378 -0.978509 -0.993857 -0.911919 -0.740716 -0.497007 -0.204647 0.107745 0.40959 0.671342 0.867378 0.978509 0.993857 0.911919 0.740716 0.497007 0.204648 -0.107753 -0.409523 -0.671807 -0.864783 -0.98965 -0.959465 -0.977417 -0.70044 

-0.43493 -0.268481 -0.108745 0.121496 0.39322 0.650703 0.852048 0.971772 0.996708 0.92413 0.761099 0.523567 0.234785 -0.0769803 -0.38121 -0.648124 -0.851595 -0.971706 -0.9967 -0.924129 -0.761099 -0.523567 -0.234785 0.0769803 0.38121 0.648124 0.851595 0.971706 0.9967 0.924129 0.761099 0.523567 0.234786 -0.0769911 -0.381123 -0.648698 -0.848551 -0.98414 -0.960318 -0.988894 -0.728658 

-0.458576 -0.284824 -0.127891 0.0966051 0.366689 0.627481 0.835586 0.964065 0.998602 0.935459 0.780755 0.549626 0.264697 -0.0461429 -0.352466 -0.624287 -0.834999 -0.963975 -0.998591 -0.935457 -0.780755 -0.549626 -0.264697 0.0461429 0.352466 0.624287 0.834999 0.963975 0.998591 0.935457 0.780755 0.549626 0.264699 -0.0461575 -0.352355 -0.624988 -0.831457 -0.977755 -0.960342 -0.999033 -0.756189 

-0.482763 -0.301442 -0.146625 0.072104 0.340099 0.603773 0.818359 0.955445 0.999544 0.945893 0.799664 0.57516 0.294356 -0.0152622 -0.323386 -0.599855 -0.817606 -0.955324 -0.999528 -0.945891 -0.799664 -0.57516 -0.294356 0.0152622 0.323386 0.599855 0.817606 0.955324 0.999528 0.945891 0.799664 0.57516 0.294358 -0.0152815 -0.323245 -0.600702 -0.813518 -0.970492 -0.959559 -1.00783 -0.782938 

-0.507432 -0.318382 -0.164982 0.0480142 0.313494 0.579614 0.800388 0.945921 0.999533 0.955424 0.81781 0.600144 0.323733 0.0156324 -0.293998 -0.574851 -0.799432 -0.94576 -0.99951 -0.955421 -0.817809 -0.600144 -0.323733 -0.0156324 0.293998 0.574851 0.799432 0.94576 0.99951 0.955421 0.817809 0.600144 0.323736 0.015607 -0.293822 -0.575865 -0.794749 -0.962351 -0.957988 -1.0153 -0.808815 

-0.532516 -0.335683 -0.183004 0.0243528 0.286917 0.555043 0.781696 0.935504 0.998569 0.964043 0.835173 0.624554 0.3528 0.0465113 -0.26433 -0.549297 -0.780496 -0.935293 -0.998538 -0.964039 -0.835173 -0.624554 -0.3528 -0.0465113 0.26433 0.549297 0.780496 0.935293 0.998538 0.964039 0.835173 0.624554 0.352804 0.0464784 -0.264111 -0.550503 -0.775169 -0.953329 -0.955649 -1.02144 -0.833734 

-0.55794 -0.353379 -0.200733 0.00113277 0.26041 0.530096 0.762309 0.924206 0.996654 0.971741 0.851739 0.648367 0.38153 0.0773451 -0.234411 -0.52322 -0.760814 -0.923933 -0.996612 -0.971735 -0.851738 -0.648367 -0.38153 -0.0773451 0.234411 0.52322 0.760814 0.923933 0.996612 0.971735 0.851738 0.648367 0.381535 0.0773029 -0.234141 -0.524641 -0.754795 -0.943426 -0.952561 -1.02627 -0.857612 

-0.583627 -0.371499 -0.218212 -0.0216373 0.234014 0.504814 0.742252 0.912042 0.993791 0.978511 0.867491 0.671561 0.409894 0.108104 -0.204268 -0.496644 -0.740406 -0.911691 -0.993734 -0.978503 -0.86749 -0.67156 -0.409894 -0.108104 0.204268 0.496644 0.740406 0.911691 0.993734 0.978503 0.86749 0.67156 0.409901 0.108051 -0.203939 -0.498307 -0.733648 -0.93264 -0.948741 -1.0298 -0.880374 

-0.609494 -0.390064 -0.235489 -0.0439532 0.207767 0.479235 0.721552 0.899025 0.989982 0.984348 0.882414 0.694112 0.437866 0.138759 -0.17393 -0.469594 -0.719291 -0.898579 -0.989907 -0.984337 -0.882412 -0.694112 -0.437866 -0.138759 0.17393 0.469594 0.719291 0.898579 0.989907 0.984337 0.882413 0.69411 0.437876 0.138692 -0.173533 -0.471526 -0.711749 -0.920971 -0.944208 -1.03207 -0.901946 

-0.635453 -0.409088 -0.25261 -0.0658151 0.181707 0.4534 0.700239 0.885171 0.985233 0.989245 0.896494 0.715999 0.465419 0.169281 -0.143427 -0.442096 -0.69749 -0.884608 -0.985135 -0.98923 -0.896492 -0.715999 -0.465419 -0.169281 0.143427 0.442096 0.69749 0.884608 0.985135 0.98923 0.896492 0.715997 0.465432 0.169197 -0.142951 -0.444327 -0.689122 -0.908418 -0.938976 -1.03309 -0.922263 

-0.661414 -0.42858 -0.269622 -0.0872273 0.155867 0.427349 0.678341 0.870497 0.979549 0.993198 0.909717 0.737203 0.492528 0.199641 -0.112788 -0.414177 -0.675023 -0.869793 -0.979422 -0.993178 -0.909715 -0.737202 -0.492528 -0.199641 0.112788 0.414177 0.675023 0.869793 0.979422 0.993178 0.909715 0.7372 0.492544 0.199537 -0.112221 -0.416735 -0.66579 -0.894982 -0.933061 -1.0329 -0.941265 

-0.687284 -0.448539 -0.286572 -0.108198 0.13028 0.401123 0.655889 0.855021 0.972937 0.996204 0.922072 0.757701 0.519165 0.229809 -0.0820422 -0.385862 -0.651912 -0.854147 -0.972773 -0.996177 -0.922068 -0.757701 -0.519165 -0.229809 0.0820422 0.385862 0.651912 0.854147 0.972773 0.996177 0.922068 0.757698 0.519185 0.229681 -0.0813714 -0.38878 -0.641779 -0.880663 -0.926473 -1.03153 -0.958898 

-0.712966 -0.468959 -0.303507 -0.12874 0.104975 0.374762 0.632916 0.838762 0.965405 0.99826 0.933546 0.777476 0.545305 0.259757 -0.0512185 -0.35718 -0.628178 -0.837686 -0.965195 -0.998225 -0.933541 -0.777475 -0.545305 -0.259757 0.0512185 0.35718 0.628178 0.837686 0.965195 0.998224 0.933541 0.777471 0.545331 0.259601 -0.0504302 -0.360487 -0.617114 -0.865462 -0.919226 -1.02902 -0.975116 

-0.738365 -0.489824 -0.320471 -0.14887 0.0799807 0.348307 0.609454 0.821742 0.956961 0.999365 0.944128 0.796507 0.570924 0.289456 -0.0203466 -0.328157 -0.603845 -0.820425 -0.956696 -0.999319 -0.944121 -0.796506 -0.570924 -0.289456 0.0203466 0.328157 0.603845 0.820425 0.956696 0.999319 0.944122 0.796502 0.570956 0.289268 -0.0194259 -0.331886 -0.591824 -0.849384 -0.911328 -1.02541 -0.989877 

-0.763382 -0.511115 -0.337508 -0.168606 0.0553192 0.321798 0.585538 0.803981 0.947616 0.999518 0.953809 0.814778 0.595997 0.318878 0.0105441 -0.298822 -0.578937 -0.802381 -0.947283 -0.999458 -0.9538 -0.814776 -0.595997 -0.318878 -0.0105441 0.298822 0.578937 0.802381 0.947283 0.999458 0.9538 0.81477 0.596037 0.318652 0.011613 -0.303003 -0.565937 -0.832431 -0.902787 -1.02074 -1.00315 

-0.787921 -0.532802 -0.354657 -0.187972 0.0310118 0.295273 0.561203 0.785503 0.93738 0.998721 0.96258 0.83227 0.620501 0.347994 0.0414239 -0.269201 -0.553475 -0.783571 -0.936966 -0.998643 -0.962567 -0.832268 -0.6205 -0.347994 -0.0414239 0.269201 0.553475 0.783571 0.936966 0.998643 0.962568 0.83226 0.62055 0.347725 0.0426579 -0.273867 -0.539483 -0.814607 -0.89361 -1.01504 -1.01491 

-0.811886 -0.55485 -0.371956 -0.206994 0.00707595 0.268772 0.536483 0.766332 0.926267 0.996973 0.970431 0.848966 0.644411 0.376778 0.0722634 -0.239325 -0.527486 -0.764013 -0.925753 -0.996874 -0.970415 -0.848964 -0.64441 -0.376778 -0.0722634 0.239325 0.527486 0.764013 0.925753 0.996874 0.970416 0.848954 0.644471 0.376458 0.0736802 -0.244506 -0.512494 -0.79592 -0.883801 -1.00837 -1.02513 

-0.835181 -0.577217 -0.389438 -0.2257 -0.0164742 0.242331 0.511416 0.746493 0.914288 0.994279 0.977357 0.864852 0.667705 0.405201 0.103033 -0.20922 -0.500993 -0.743726 -0.913657 -0.994154 -0.977335 -0.864848 -0.667704 -0.405201 -0.103033 0.20922 0.500993 0.743726 0.913657 0.994153 0.977337 0.864836 0.667778 0.404824 0.104651 -0.214946 -0.485 -0.776377 -0.873362 -1.00076 -1.0338 

-0.857713 -0.599855 -0.407134 -0.244121 -0.0396279 0.215988 0.486038 0.726013 0.90146 0.990641 0.983351 0.879911 0.690361 0.433236 0.133704 -0.178916 -0.474023 -0.722729 -0.900689 -0.990483 -0.983322 -0.879907 -0.69036 -0.433236 -0.133704 0.178916 0.474023 0.722729 0.900689 0.990483 0.983324 0.879891 0.690449 0.432794 0.135543 -0.185216 -0.457035 -0.755987 -0.862295 -0.992268 -1.04092 

-0.879393 -0.62271 -0.425069 -0.262289 -0.0623778 0.189777 0.460386 0.70492 0.887797 0.986064 0.988406 0.89413 0.712356 0.460857 0.164246 -0.148442 -0.4466 -0.701042 -0.88686 -0.985867 -0.98837 -0.894124 -0.712356 -0.460857 -0.164246 0.148442 0.4466 0.701042 0.88686 0.985866 0.988373 0.894105 0.712463 0.460342 0.166326 -0.155342 -0.428632 -0.734761 -0.850599 -0.98293 -1.04649 

-0.900135 -0.645721 -0.443265 -0.280238 -0.0847198 0.163731 0.434499 0.683241 0.873317 0.980554 0.99252 0.907495 0.733671 0.488037 0.19463 -0.117827 -0.418752 -0.678685 -0.872185 -0.980309 -0.992473 -0.907487 -0.73367 -0.488037 -0.19463 0.117827 0.418752 0.678685 0.872185 0.980308 0.992477 0.907463 0.733799 0.487439 0.196972 -0.125352 -0.399826 -0.712711 -0.838273 -0.972792 -1.05052 

-0.919854 -0.668825 -0.461736 -0.298003 -0.106654 0.137882 0.408413 0.661006 0.858037 0.974117 0.995688 0.919994 0.754285 0.51475 0.224828 -0.0871007 -0.390504 -0.655682 -0.856677 -0.973814 -0.995628 -0.919983 -0.754284 -0.51475 -0.224828 0.0871007 0.390504 0.655682 0.856677 0.973814 0.995633 0.919954 0.754437 0.51406 0.227452 -0.0952733 -0.37065 -0.689852 -0.825314 -0.961895 -1.05301 

-0.938474 -0.69195 -0.480494 -0.315619 -0.128182 0.112259 0.382167 0.638247 0.841977 0.966762 0.997908 0.931614 0.774178 0.540971 0.254811 -0.0562915 -0.361884 -0.632052 -0.840351 -0.96639 -0.997833 -0.9316 -0.774176 -0.540971 -0.254811 0.0562915 0.361884 0.632052 0.840351 0.966389 0.997839 0.931565 0.774357 0.540178 0.257738 -0.0651314 -0.34114 -0.6662 -0.811717 -0.950283 -1.05399 

-0.955921 -0.715025 -0.499543 -0.333121 -0.149311 0.0868885 0.355798 0.614995 0.825156 0.958498 0.999178 0.942344 0.793332 0.566674 0.284549 -0.0254292 -0.332918 -0.607819 -0.823223 -0.958043 -0.999084 -0.942327 -0.793329 -0.566674 -0.284549 0.0254292 0.332918 0.607819 0.823223 0.958042 0.999091 0.942284 0.793542 0.565768 0.287801 -0.0349532 -0.311332 -0.641774 -0.797478 -0.937996 -1.05348 

-0.972127 -0.73797 -0.518884 -0.350546 -0.170049 0.0617966 0.329345 0.591282 0.807597 0.949333 0.999498 0.952176 0.811727 0.591836 0.314015 0.00545665 -0.303636 -0.583007 -0.805309 -0.948781 -0.999381 -0.952154 -0.811723 -0.591836 -0.314015 -0.00545664 0.303636 0.583007 0.805309 0.94878 0.99939 0.952102 0.811972 0.590804 0.317613 -0.0047647 -0.281261 -0.616593 -0.782591 -0.92507 -1.05152 

-0.987031 -0.760708 -0.538509 -0.367927 -0.19041 0.0370054 0.302842 0.567141 0.789322 0.93928 0.998868 0.961099 0.829347 0.616432 0.343181 0.0363365 -0.274064 -0.557638 -0.786626 -0.938613 -0.998723 -0.96107 -0.829342 -0.616431 -0.34318 -0.0363365 0.274064 0.557638 0.786626 0.938611 0.998734 0.961009 0.829632 0.615262 0.347146 0.0254084 -0.250964 -0.59068 -0.76705 -0.911544 -1.04814 

-1.00058 -0.783155 -0.558406 -0.385297 -0.210407 0.0125349 0.276328 0.542607 0.770354 0.928351 0.997291 0.969105 0.846174 0.640439 0.372017 0.067181 -0.244231 -0.531737 -0.767192 -0.927549 -0.997111 -0.969069 -0.846168 -0.640438 -0.372017 -0.067181 0.244231 0.531737 0.767192 0.927547 0.997125 0.968995 0.846504 0.639117 0.376371 0.0555408 -0.220476 -0.564059 -0.750847 -0.89745 -1.04338 

-1.01271 -0.805227 -0.578557 -0.402688 -0.230058 -0.0115975 0.249837 0.517713 0.750718 0.916559 0.994767 0.976187 0.862194 0.663833 0.400498 0.0979606 -0.214166 -0.505328 -0.747026 -0.915599 -0.994547 -0.976142 -0.862185 -0.663832 -0.400498 -0.0979605 0.214166 0.505328 0.747026 0.915596 0.994564 0.976055 0.862574 0.662347 0.405259 0.0856072 -0.189834 -0.536756 -0.733977 -0.88282 -1.03728 

-1.0234 -0.826839 -0.598938 -0.42013 -0.249384 -0.0353774 0.223403 0.492494 0.73044 0.903918 0.991302 0.982339 0.877389 0.686593 0.428596 0.128646 -0.183897 -0.478438 -0.726147 -0.902775 -0.991033 -0.982282 -0.877379 -0.686591 -0.428595 -0.128646 0.183897 0.478438 0.726147 0.902771 0.991054 0.982179 0.877825 0.684928 0.433783 0.115583 -0.159073 -0.5088 -0.716432 -0.867683 -1.02989 

-1.0326 -0.847905 -0.619519 -0.437648 -0.268405 -0.0587929 0.197061 0.466987 0.709546 0.890445 0.986899 0.987554 0.891747 0.708697 0.456283 0.159207 -0.153452 -0.451091 -0.704574 -0.889089 -0.986573 -0.987484 -0.891734 -0.708694 -0.456283 -0.159207 0.153453 0.451091 0.704575 0.889084 0.986598 0.987363 0.892245 0.706839 0.461915 0.145443 -0.128229 -0.480222 -0.698206 -0.852065 -1.02126 

-1.04029 -0.868341 -0.640264 -0.455266 -0.287146 -0.081835 0.170843 0.441226 0.688065 0.876155 0.981565 0.99183 0.905254 0.730123 0.483535 0.189616 -0.122862 -0.423315 -0.68233 -0.874554 -0.98117 -0.991743 -0.905237 -0.73012 -0.483534 -0.189616 0.122862 0.423314 0.682331 0.874548 0.9812 0.991602 0.90582 0.728058 0.489627 0.175165 -0.0973378 -0.451053 -0.679293 -0.835989 -1.01144 

-1.04644 -0.888062 -0.661133 -0.473007 -0.305631 -0.104498 0.144778 0.415247 0.666025 0.861067 0.975305 0.995161 0.917897 0.750852 0.510323 0.219843 -0.0921558 -0.395134 -0.659434 -0.859184 -0.97483 -0.995054 -0.917875 -0.750848 -0.510323 -0.219843 0.0921558 0.395134 0.659435 0.859177 0.974866 0.99489 0.918537 0.748565 0.516892 0.204723 -0.066433 -0.421328 -0.659688 -0.819475 -1.00049 

-1.05104 -0.906984 -0.68208 -0.490886 -0.323888 -0.126777 0.118897 0.389086 0.643455 0.845198 0.968129 0.997546 0.929663 0.770863 0.536624 0.24986 -0.0613618 -0.366577 -0.635909 -0.842993 -0.96756 -0.997415 -0.929636 -0.770858 -0.536623 -0.24986 0.0613618 0.366576 0.63591 0.842985 0.967602 0.997224 0.930385 0.768338 0.543681 0.234094 -0.0355491 -0.391083 -0.639388 -0.802541 -0.988469 

-1.05408 -0.925028 -0.703054 -0.508916 -0.341943 -0.148674 0.0932262 0.362779 0.620386 0.828571 0.960044 0.998983 0.940543 0.790138 0.562411 0.279637 -0.0305099 -0.33767 -0.611776 -0.825998 -0.959365 -0.998823 -0.940509 -0.790131 -0.56241 -0.279637 0.03051 0.33767 0.611778 0.825988 0.959415 0.998603 0.941354 0.787361 0.569969 0.263255 -0.00471974 -0.360355 -0.618389 -0.785201 -0.975427 

-1.05556 -0.942115 -0.723998 -0.527108 -0.359824 -0.170189 0.0677919 0.336361 0.59685 0.811204 0.951061 0.999471 0.950525 0.808658 0.587661 0.309146 0.000370336 -0.308441 -0.587061 -0.808214 -0.950254 -0.999277 -0.950483 -0.80865 -0.58766 -0.309146 -0.000370245 0.308441 0.587063 0.808202 0.950313 0.999024 0.951432 0.805613 0.595728 0.292183 0.0260225 -0.329183 -0.596691 -0.767466 -0.961425 

-1.05549 -0.95817 -0.744855 -0.545464 -0.377558 -0.191328 0.0426173 0.309868 0.572877 0.793121 0.94119 0.999011 0.959601 0.826405 0.612349 0.338359 0.0312495 -0.278919 -0.561785 -0.789659 -0.940236 -0.998776 -0.959549 -0.826395 -0.612347 -0.338359 -0.0312494 0.278918 0.561787 0.789645 0.940305 0.998486 0.960611 0.823078 0.620931 0.320856 0.0566456 -0.297609 -0.574293 -0.749346 -0.946521 

-1.05388 -0.973122 -0.76556 -0.563987 -0.395173 -0.212098 0.017724 0.283334 0.5485 0.774345 0.930444 0.997604 0.967763 0.843364 0.636452 0.367249 0.0620981 -0.249131 -0.535973 -0.77035 -0.92932 -0.997322 -0.967699 -0.843351 -0.636449 -0.367248 -0.062098 0.24913 0.535976 0.770333 0.929401 0.996991 0.968884 0.839739 0.645552 0.349249 0.0871185 -0.265674 -0.551198 -0.730845 -0.930773 

-1.05074 -0.986904 -0.786047 -0.58267 -0.412696 -0.232509 -0.00686867 0.256793 0.523753 0.754899 0.918837 0.995253 0.975002 0.859517 0.659946 0.395787 0.0928867 -0.219105 -0.509649 -0.750306 -0.917517 -0.994915 -0.974924 -0.8595 -0.659943 -0.395786 -0.0928865 0.219104 0.509653 0.750285 0.91761 0.994538 0.976241 0.85558 0.669566 0.377342 0.117411 -0.233422 -0.52741 -0.711967 -0.914237 

-1.04611 -0.999453 -0.806246 -0.601504 -0.430153 -0.252573 -0.0311437 0.230278 0.498669 0.734809 0.906381 0.991962 0.981312 0.874849 0.68281 0.423946 0.123586 -0.188871 -0.48284 -0.729545 -0.904837 -0.991557 -0.981217 -0.874829 -0.682806 -0.423945 -0.123586 0.18887 0.482845 0.729521 0.904946 0.99113 0.982677 0.870587 0.692947 0.405111 0.147495 -0.200897 -0.502936 -0.692715 -0.896969 

-1.04 -1.01071 -0.826085 -0.620476 -0.447568 -0.272305 -0.0550863 0.203822 0.473281 0.7141 0.893094 0.987734 0.986689 0.889346 0.705021 0.4517 0.154166 -0.158457 -0.45557 -0.708088 -0.891294 -0.987253 -0.986573 -0.889321 -0.705016 -0.451699 -0.154166 0.158456 0.455576 0.708059 0.891419 0.986771 0.988186 0.884746 0.71567 0.432535 0.177342 -0.168143 -0.477784 -0.673085 -0.879024 

-1.03247 -1.02063 -0.845492 -0.639565 -0.464965 -0.291719 -0.0786842 0.177457 0.447624 0.6928 0.87899 0.982576 0.991127 0.902995 0.726558 0.479021 0.184599 -0.127893 -0.427865 -0.685955 -0.876899 -0.982006 -0.990987 -0.902964 -0.726552 -0.47902 -0.184598 0.127892 0.427872 0.685922 0.877043 0.981462 0.992763 0.898043 0.73771 0.459591 0.206924 -0.135208 -0.451965 -0.653077 -0.860454 

-1.02354 -1.02917 -0.864392 -0.658748 -0.482364 -0.310834 -0.101927 0.151212 0.421732 0.670937 0.864088 0.976494 0.994622 0.915782 0.747401 0.505885 0.214854 -0.0972072 -0.399753 -0.663168 -0.861667 -0.975821 -0.994454 -0.915744 -0.747393 -0.505883 -0.214853 0.0972056 0.399761 0.663128 0.861833 0.975211 0.996404 0.910468 0.759044 0.486257 0.236217 -0.102137 -0.425493 -0.632683 -0.841307 

-1.01326 -1.03627 -0.882708 -0.677996 -0.499784 -0.329669 -0.124809 0.125116 0.395639 0.648539 0.848407 0.969496 0.997173 0.927695 0.76753 0.532265 0.244903 -0.0664293 -0.371259 -0.639748 -0.845613 -0.968704 -0.996971 -0.927648 -0.767521 -0.532263 -0.244903 0.0664274 0.371269 0.639701 0.845802 0.968021 0.999105 0.922009 0.779647 0.512512 0.265195 -0.0689761 -0.398385 -0.6119 -0.821632 

-1.00169 -1.04192 -0.900366 -0.697275 -0.517241 -0.348244 -0.147323 0.0991962 0.36938 0.625635 0.831965 0.96159 0.998777 0.938724 0.786927 0.558135 0.274718 -0.0355887 -0.342412 -0.615717 -0.828751 -0.960662 -0.998536 -0.938667 -0.786914 -0.558133 -0.274717 0.0355864 0.342423 0.615663 0.828967 0.959901 1.00087 0.932655 0.799498 0.538334 0.293835 -0.0357733 -0.370659 -0.590719 -0.801474 

-0.988866 -1.04607 -0.917291 -0.716546 -0.534748 -0.36658 -0.169467 0.0734794 0.342988 0.602257 0.814784 0.952787 0.999435 0.948858 0.805571 0.583473 0.30427 -0.00471475 -0.313238 -0.591098 -0.811098 -0.951703 -0.999147 -0.948789 -0.805556 -0.58347 -0.304269 0.00471198 0.313252 0.591036 0.811343 0.950856 1.00168 0.942399 0.818574 0.563701 0.322115 -0.00257497 -0.342338 -0.569131 -0.780873 

-0.974852 -1.04872 -0.933407 -0.735768 -0.552314 -0.3847 -0.19124 0.0479894 0.316498 0.578433 0.796885 0.943098 0.999145 0.958087 0.823446 0.608252 0.33353 0.0261629 -0.283765 -0.565916 -0.792671 -0.941834 -0.998804 -0.958004 -0.823428 -0.608249 -0.333529 -0.0261663 0.283782 0.565844 0.792948 0.940895 1.00155 0.951231 0.836854 0.58859 0.350013 0.0305723 -0.313445 -0.547129 -0.759867 

-0.959704 -1.04985 -0.948643 -0.754894 -0.569947 -0.402624 -0.212646 0.0227489 0.289943 0.554196 0.77829 0.932534 0.99791 0.966404 0.840535 0.63245 0.362472 0.0570149 -0.254022 -0.540194 -0.773487 -0.931067 -0.997507 -0.966304 -0.840512 -0.632446 -0.36247 -0.0570189 0.254042 0.540111 0.7738 0.930029 1.00048 0.959146 0.854317 0.61298 0.37751 0.0636223 -0.284008 -0.524704 -0.738492 

-0.943481 -1.04944 -0.962928 -0.773872 -0.587648 -0.420376 -0.233688 -0.00222153 0.263356 0.529578 0.759024 0.921109 0.995732 0.973801 0.856822 0.656044 0.391066 0.0878117 -0.224037 -0.513956 -0.753565 -0.91941 -0.995257 -0.973681 -0.856794 -0.656038 -0.391064 -0.0878164 0.22406 0.513861 0.753917 0.918266 0.998467 0.966137 0.870942 0.63685 0.404585 0.0965295 -0.254058 -0.501845 -0.716779 

-0.926244 -1.04751 -0.976194 -0.792651 -0.605418 -0.437977 -0.254371 -0.0269031 0.236769 0.504611 0.739111 0.908836 0.992615 0.980271 0.872291 0.679011 0.419286 0.118524 -0.193839 -0.487228 -0.732924 -0.906875 -0.992056 -0.980127 -0.872257 -0.679004 -0.419284 -0.118529 0.193866 0.48712 0.733318 0.905617 0.995511 0.972199 0.886712 0.660177 0.431222 0.129249 -0.223625 -0.478544 -0.694756 

-0.908055 -1.04405 -0.988376 -0.811171 -0.623251 -0.455448 -0.274706 -0.0512792 0.210214 0.479327 0.718576 0.895731 0.988562 0.985809 0.886927 0.701329 0.447105 0.149122 -0.163457 -0.460036 -0.711583 -0.893475 -0.987908 -0.985637 -0.886886 -0.70132 -0.447102 -0.149129 0.163488 0.459912 0.712023 0.892096 0.991616 0.977328 0.901608 0.68294 0.457404 0.161737 -0.192745 -0.454794 -0.672448 

-0.888977 -1.03907 -0.999412 -0.829374 -0.641137 -0.472811 -0.294701 -0.0753348 0.183722 0.45376 0.697445 0.88181 0.98358 0.990411 0.900718 0.722977 0.474497 0.179577 -0.132919 -0.432404 -0.689562 -0.879221 -0.982816 -0.990206 -0.900668 -0.722966 -0.474493 -0.179585 0.132955 0.432264 0.690054 0.877713 0.986785 0.981521 0.915613 0.705115 0.483113 0.19395 -0.161457 -0.430587 -0.649874 

-0.869072 -1.0326 -1.00925 -0.847196 -0.659065 -0.490084 -0.314368 -0.0990575 0.157322 0.427942 0.675746 0.867091 0.977676 0.994071 0.913649 0.743934 0.501435 0.20986 -0.102255 -0.40436 -0.666884 -0.864128 -0.976786 -0.993829 -0.913589 -0.743921 -0.50143 -0.209869 0.102296 0.404201 0.667431 0.862484 0.981023 0.984777 0.92871 0.726683 0.508336 0.225847 -0.129798 -0.405917 -0.627054 

-0.848402 -1.02466 -1.01782 -0.864575 -0.677016 -0.507285 -0.333722 -0.122437 0.131043 0.401906 0.653506 0.85159 0.970856 0.996788 0.925709 0.764181 0.527893 0.239942 -0.0714939 -0.375931 -0.643569 -0.84821 -0.969823 -0.996502 -0.925637 -0.764165 -0.527887 -0.239953 0.0715414 0.375751 0.644176 0.846422 0.974335 0.987093 0.940885 0.74762 0.533057 0.257388 -0.0978125 -0.380779 -0.604001 

-0.827028 -1.01527 -1.02509 -0.881444 -0.69497 -0.524431 -0.352776 -0.145464 0.104913 0.375687 0.630754 0.835329 0.963129 0.998561 0.936888 0.783698 0.553847 0.269794 -0.0406652 -0.347143 -0.61964 -0.831483 -0.961934 -0.998224 -0.936801 -0.783678 -0.553839 -0.269806 0.0407198 0.34694 0.620311 0.829542 0.966725 0.988471 0.952123 0.767905 0.557263 0.288534 -0.0655429 -0.355171 -0.580725 

-0.805011 -1.00448 -1.03102 -0.897736 -0.7129 -0.541535 -0.371546 -0.168133 0.0789577 0.349316 0.60752 0.818326 0.954506 0.999387 0.947173 0.802467 0.579271 0.299388 -0.00979845 -0.318025 -0.59512 -0.813961 -0.953126 -0.998992 -0.94707 -0.802443 -0.579262 -0.299402 0.00986095 0.317797 0.595861 0.811861 0.958202 0.98891 0.962412 0.787516 0.580941 0.319248 -0.0330354 -0.329092 -0.557236 

-0.782407 -0.992314 -1.03556 -0.913384 -0.730778 -0.558609 -0.390049 -0.19044 0.0532015 0.322828 0.583832 0.800604 0.944996 0.999268 0.956557 0.820469 0.604141 0.328694 0.0210769 -0.288603 -0.570032 -0.795662 -0.943408 -0.998806 -0.956434 -0.82044 -0.604131 -0.328711 -0.0210056 0.288347 0.570847 0.793396 0.948771 0.988414 0.97174 0.806431 0.604079 0.349494 -0.000337303 -0.302542 -0.533539 

-0.759274 -0.978823 -1.03868 -0.928321 -0.748569 -0.575664 -0.408302 -0.212382 0.0276681 0.296253 0.559722 0.782184 0.934612 0.998205 0.96503 0.837689 0.628435 0.357687 0.0519315 -0.258906 -0.5444 -0.776604 -0.932789 -0.997666 -0.964884 -0.837654 -0.628422 -0.357706 -0.0518503 0.25862 0.545295 0.774164 0.938442 0.986984 0.980096 0.824629 0.626664 0.379238 0.0325026 -0.275526 -0.509635 

-0.735664 -0.964055 -1.04035 -0.942479 -0.766236 -0.592705 -0.426323 -0.23396 0.00237901 0.269625 0.535221 0.763089 0.923367 0.996201 0.972585 0.854109 0.652127 0.386337 0.0827357 -0.228963 -0.518249 -0.756805 -0.921279 -0.995573 -0.972412 -0.854067 -0.652112 -0.386359 -0.0826435 0.228644 0.519229 0.754183 0.927222 0.984624 0.987471 0.842088 0.648687 0.40845 0.0654344 -0.24805 -0.485525 

-0.711628 -0.94806 -1.04056 -0.955793 -0.783738 -0.609736 -0.44413 -0.255175 -0.0226457 0.242974 0.510359 0.743344 0.911274 0.993258 0.979215 0.869714 0.675197 0.414617 0.11346 -0.198802 -0.491603 -0.736283 -0.90889 -0.992529 -0.979012 -0.869664 -0.675178 -0.414642 -0.113356 0.198447 0.492674 0.733474 0.915122 0.981339 0.993857 0.858787 0.670134 0.437098 0.098407 -0.220122 -0.461208 

-0.687216 -0.930894 -1.03929 -0.968198 -0.801031 -0.626759 -0.461742 -0.276032 -0.0473877 0.216333 0.485168 0.722973 0.898349 0.98938 0.984915 0.88449 0.697621 0.442501 0.144076 -0.168451 -0.464488 -0.715058 -0.895633 -0.988537 -0.984676 -0.88443 -0.697599 -0.442529 -0.143958 0.168058 0.465655 0.712056 0.902151 0.977133 0.999246 0.874705 0.690997 0.465157 0.131369 -0.191754 -0.436679 

-0.662471 -0.912614 -1.03652 -0.97963 -0.818068 -0.643769 -0.479175 -0.296535 -0.0718306 0.189731 0.459681 0.702001 0.884607 0.984575 0.98968 0.898423 0.71938 0.469962 0.174553 -0.13794 -0.436931 -0.693151 -0.88152 -0.983601 -0.989399 -0.898351 -0.719353 -0.469994 -0.17442 0.137505 0.438199 0.68995 0.888322 0.972014 1.00363 0.889822 0.711264 0.492598 0.164268 -0.16296 -0.411934 

-0.637435 -0.89328 -1.03227 -0.990029 -0.834797 -0.660763 -0.496446 -0.316692 -0.0959595 0.163197 0.43393 0.680457 0.870065 0.978847 0.993505 0.911499 0.740451 0.496974 0.204862 -0.107299 -0.408956 -0.670582 -0.866566 -0.977726 -0.993177 -0.911413 -0.740419 -0.49701 -0.204713 0.106818 0.410332 0.667177 0.873645 0.965988 1.00702 0.904117 0.730924 0.5194 0.197051 -0.133759 -0.386966 

-0.612146 -0.872954 -1.02652 -0.999338 -0.851166 -0.677729 -0.513572 -0.336511 -0.119762 0.13676 0.407946 0.658365 0.854741 0.972204 0.996389 0.923706 0.760815 0.52351 0.234976 -0.0765553 -0.380592 -0.647373 -0.850785 -0.970916 -0.996007 -0.923605 -0.760777 -0.52355 -0.234808 0.0760254 0.382081 0.643759 0.858134 0.959063 1.00939 0.91757 0.749968 0.545539 0.229667 -0.10417 -0.361769 

-0.586639 -0.851699 -1.0193 -1.0075 -0.86712 -0.694655 -0.530569 -0.356003 -0.143227 0.110448 0.381762 0.635755 0.838655 0.964655 0.99833 0.935034 0.780453 0.549546 0.264864 -0.0457394 -0.351865 -0.623547 -0.834192 -0.96318 -0.997885 -0.934914 -0.780408 -0.549591 -0.264676 0.045157 0.353472 0.61972 0.841802 0.951247 1.01075 0.930162 0.768386 0.570997 0.262062 -0.0742172 -0.336334 

-0.560944 -0.829579 -1.01061 -1.01447 -0.882602 -0.711524 -0.547449 -0.375179 -0.166345 0.0842872 0.35541 0.612655 0.821825 0.95621 0.999326 0.945471 0.799345 0.575056 0.294499 -0.0148806 -0.322802 -0.599125 -0.816802 -0.954524 -0.99881 -0.945331 -0.799292 -0.575107 -0.294289 0.014242 0.324534 0.595083 0.824662 0.94255 1.01111 0.941875 0.786166 0.595756 0.294186 -0.0439265 -0.310654 

-0.53509 -0.806657 -1.00048 -1.02019 -0.897553 -0.728317 -0.564225 -0.394052 -0.189109 0.0583019 0.328922 0.589094 0.804274 0.946878 0.999378 0.955009 0.817475 0.600017 0.323851 0.0159917 -0.293432 -0.574132 -0.798632 -0.944956 -0.998781 -0.954844 -0.817413 -0.600074 -0.323618 -0.0166903 0.295293 0.569871 0.80673 0.932981 1.01045 0.952689 0.803299 0.619799 0.325988 -0.0133276 -0.284721 

-0.509099 -0.782999 -0.988937 -1.02462 -0.911914 -0.745009 -0.580908 -0.412634 -0.211514 0.0325164 0.30233 0.565101 0.786022 0.936673 0.998487 0.963638 0.834825 0.624405 0.352894 0.0468481 -0.263782 -0.548591 -0.7797 -0.934487 -0.997798 -0.963445 -0.834752 -0.624468 -0.352635 -0.0476106 0.265778 0.544111 0.788022 0.922551 1.00879 0.962589 0.819772 0.643113 0.357417 0.0175474 -0.258527 

-0.482992 -0.758667 -0.976004 -1.02773 -0.925624 -0.761573 -0.597506 -0.430939 -0.233557 0.0069531 0.275666 0.540708 0.767092 0.925605 0.996656 0.971352 0.851379 0.648196 0.381599 0.077659 -0.233881 -0.522527 -0.760023 -0.923124 -0.995861 -0.971125 -0.851292 -0.648267 -0.381312 -0.0784895 0.236017 0.517827 0.768553 0.911271 1.00613 0.971557 0.835577 0.665685 0.388424 0.0486636 -0.232067 

-0.456786 -0.733725 -0.961723 -1.02948 -0.938622 -0.777979 -0.614025 -0.448982 -0.255236 -0.018367 0.248959 0.515943 0.747507 0.91369 0.993887 0.978142 0.867121 0.671368 0.40994 0.108395 -0.203757 -0.495964 -0.739622 -0.910881 -0.992974 -0.977878 -0.867019 -0.671446 -0.409621 -0.109297 0.206037 0.491044 0.748341 0.899153 1.00247 0.979577 0.850701 0.687506 0.418963 0.0799833 -0.205336 

-0.430494 -0.708233 -0.946134 -1.02984 -0.950848 -0.794193 -0.63047 -0.466778 -0.276551 -0.0434245 0.222242 0.490838 0.727293 0.900941 0.990184 0.984004 0.882036 0.693898 0.437888 0.139027 -0.17344 -0.468928 -0.718514 -0.897767 -0.989138 -0.983697 -0.881917 -0.693985 -0.437536 -0.140005 0.175869 0.463791 0.727403 0.886209 0.997814 0.986636 0.865133 0.708566 0.448986 0.111467 -0.178328 

-0.404127 -0.682252 -0.929282 -1.0288 -0.962243 -0.810176 -0.646841 -0.484342 -0.297505 -0.0682015 0.195544 0.465425 0.706474 0.887374 0.985554 0.988933 0.89611 0.715766 0.465417 0.169525 -0.142957 -0.441445 -0.69672 -0.883796 -0.984357 -0.988576 -0.895972 -0.715861 -0.46503 -0.170584 0.145539 0.436092 0.705758 0.872453 0.992179 0.992718 0.878861 0.728859 0.478452 0.143071 -0.151042 

-0.377691 -0.655839 -0.911217 -1.02632 -0.972746 -0.82589 -0.663137 -0.501687 -0.318099 -0.0926817 0.168893 0.439735 0.685076 0.873007 0.980002 0.992924 0.909331 0.736951 0.492501 0.199861 -0.112339 -0.41354 -0.674262 -0.868982 -0.978637 -0.992512 -0.909171 -0.737055 -0.492076 -0.201004 0.115077 0.407977 0.683425 0.857897 0.985569 0.997812 0.891873 0.748377 0.507316 0.174752 -0.123477 

-0.351193 -0.629049 -0.891992 -1.0224 -0.982301 -0.841291 -0.679353 -0.518828 -0.33834 -0.116851 0.142319 0.413798 0.663125 0.857856 0.973536 0.995975 0.921686 0.757432 0.519115 0.230005 -0.0816135 -0.385242 -0.651159 -0.853338 -0.971981 -0.995499 -0.9215 -0.757545 -0.518648 -0.231237 0.0845125 0.379472 0.660424 0.842556 0.977997 1.00191 0.904157 0.767117 0.53554 0.206463 -0.0956344 

-0.324634 -0.601934 -0.871662 -1.01703 -0.990852 -0.856334 -0.695483 -0.535779 -0.358234 -0.140695 0.115848 0.387647 0.640649 0.84194 0.966164 0.998084 0.933163 0.77719 0.545232 0.259929 -0.0508112 -0.356576 -0.627436 -0.836879 -0.964398 -0.997535 -0.932947 -0.777313 -0.544721 -0.261253 0.0538731 0.350607 0.636776 0.826444 0.969471 1.00499 0.9157 0.785075 0.563085 0.238157 -0.0675189 

-0.298014 -0.574545 -0.850285 -1.01021 -0.998345 -0.87097 -0.711517 -0.552552 -0.377788 -0.164204 0.0895069 0.361313 0.617676 0.825279 0.957895 0.99925 0.943752 0.796207 0.570829 0.289604 -0.0199611 -0.32757 -0.603114 -0.819621 -0.955893 -0.998619 -0.943503 -0.796339 -0.570269 -0.291024 0.0231881 0.321409 0.612501 0.809576 0.960007 1.00705 0.926489 0.802249 0.589916 0.269783 -0.0391366 

-0.271332 -0.546927 -0.827923 -1.00195 -1.00473 -0.885151 -0.72744 -0.569159 -0.397012 -0.187368 0.0633216 0.334827 0.594234 0.807893 0.94874 0.999472 0.953444 0.814464 0.59588 0.319002 0.0109074 -0.298252 -0.578216 -0.801581 -0.946475 -0.99875 -0.953157 -0.814607 -0.595269 -0.320522 -0.00751351 0.291908 0.587623 0.791967 0.949616 1.00809 0.936511 0.818637 0.616001 0.301292 -0.0104966 

-0.244584 -0.519125 -0.804637 -0.992254 -1.00996 -0.898825 -0.743237 -0.585611 -0.415914 -0.21018 0.0373159 0.308221 0.570352 0.789804 0.938711 0.998753 0.96223 0.831944 0.620361 0.348094 0.0417648 -0.26865 -0.552766 -0.782776 -0.936154 -0.997926 -0.961899 -0.832097 -0.619696 -0.349719 -0.0382029 0.262132 0.562163 0.773634 0.938314 1.0081 0.945753 0.834239 0.641308 0.332631 0.0183894 

-0.217766 -0.491177 -0.780491 -0.981138 -1.01398 -0.911939 -0.758887 -0.601917 -0.434505 -0.232632 0.0115129 0.281525 0.546059 0.771033 0.927819 0.997095 0.970101 0.848631 0.64425 0.376854 0.0725816 -0.238792 -0.52679 -0.763223 -0.924938 -0.99615 -0.969722 -0.848794 -0.643527 -0.378586 -0.0688514 0.232112 0.536145 0.754592 0.926116 1.00706 0.9542 0.849054 0.665809 0.36375 0.0475065 

-0.190873 -0.46312 -0.75555 -0.968624 -1.01677 -0.924439 -0.774369 -0.618084 -0.452797 -0.254722 -0.0140657 0.254771 0.521386 0.751604 0.916078 0.994499 0.977052 0.864509 0.667524 0.405253 0.103328 -0.208707 -0.50031 -0.742942 -0.91284 -0.993422 -0.976617 -0.864682 -0.666739 -0.407096 -0.0994302 0.201878 0.509593 0.734859 0.91304 1.00499 0.961839 0.863083 0.68948 0.394594 0.0768371 

-0.163897 -0.434987 -0.729878 -0.954739 -1.01828 -0.93627 -0.789656 -0.634118 -0.470801 -0.276446 -0.0393994 0.227987 0.496363 0.731541 0.903503 0.990971 0.983076 0.879563 0.69016 0.433264 0.133976 -0.178422 -0.473354 -0.721952 -0.899869 -0.989747 -0.982579 -0.879746 -0.68931 -0.435221 -0.129911 0.171459 0.482532 0.714452 0.899102 1.00188 0.968656 0.876327 0.712299 0.425112 0.106361 

-0.136834 -0.406807 -0.70354 -0.939512 -1.01847 -0.947378 -0.804719 -0.650022 -0.48853 -0.297802 -0.0644693 0.201204 0.471019 0.710868 0.890109 0.986516 0.988169 0.89378 0.712138 0.460862 0.164495 -0.147969 -0.445945 -0.700273 -0.886039 -0.985126 -0.9876 -0.893972 -0.711218 -0.462935 -0.160264 0.140885 0.454987 0.693387 0.884321 0.997718 0.974638 0.888786 0.734244 0.455251 0.136054 

-0.109676 -0.378606 -0.676601 -0.92298 -1.01733 -0.957708 -0.819526 -0.665797 -0.505994 -0.318792 -0.0892579 0.17445 0.445386 0.68961 0.875913 0.981139 0.992325 0.907145 0.733436 0.488018 0.194856 -0.117374 -0.418112 -0.677926 -0.871363 -0.979565 -0.991678 -0.907345 -0.732442 -0.490211 -0.190463 0.110187 0.426983 0.671683 0.868717 0.99252 0.979771 0.900463 0.755298 0.484959 0.165889 

-0.0824186 -0.350405 -0.649124 -0.905184 -1.01482 -0.967205 -0.834044 -0.681443 -0.523208 -0.339417 -0.113749 0.147754 0.419494 0.667794 0.860931 0.974848 0.995543 0.919647 0.754033 0.514709 0.22503 -0.0866684 -0.38988 -0.654931 -0.855855 -0.973069 -0.994806 -0.919854 -0.752962 -0.517022 -0.220478 0.0793958 0.398548 0.649358 0.852309 0.986284 0.984041 0.911357 0.775447 0.514186 0.195839 

-0.055055 -0.322223 -0.621172 -0.886167 -1.01094 -0.975817 -0.848235 -0.696957 -0.540181 -0.359681 -0.137929 0.121143 0.393375 0.645446 0.845182 0.967651 0.99782 0.931274 0.773912 0.540907 0.254989 -0.0558805 -0.361276 -0.631312 -0.839529 -0.965644 -0.996984 -0.931486 -0.772759 -0.543343 -0.250283 0.0485409 0.369708 0.62643 0.835118 0.979016 0.987435 0.92147 0.794679 0.542881 0.225869 

-0.0275816 -0.294076 -0.592805 -0.865977 -1.00565 -0.983489 -0.862059 -0.712332 -0.556926 -0.379587 -0.161783 0.0946436 0.367059 0.622594 0.828685 0.959558 0.999155 0.942015 0.793052 0.566589 0.284703 -0.0250399 -0.332327 -0.60709 -0.822402 -0.957297 -0.998207 -0.942231 -0.791813 -0.569149 -0.279848 0.0176531 0.340491 0.60292 0.817165 0.970723 0.98994 0.930804 0.812984 0.570995 0.255947 

4.69101e-06 -0.265976 -0.564082 -0.844668 -0.998969 -0.990173 -0.875476 -0.72756 -0.573454 -0.399142 -0.185302 0.0682815 0.340577 0.599266 0.811461 0.950578 0.999549 0.951861 0.811436 0.591729 0.314145 0.00582394 -0.303062 -0.582289 -0.80449 -0.948037 -0.998476 -0.952079 -0.810105 -0.594414 -0.309147 -0.0132372 0.310926 0.578845 0.798471 0.961413 0.991544 0.939359 0.830353 0.598482 0.286033 

0.0277054 -0.237933 -0.53506 -0.822292 -0.990878 -0.995818 -0.88844 -0.742631 -0.589774 -0.418352 -0.208474 0.0420811 0.31396 0.575489 0.79353 0.940723 0.999001 0.960803 0.829046 0.616304 0.343287 0.0366815 -0.273508 -0.556933 -0.785809 -0.937872 -0.99779 -0.96102 -0.82762 -0.619114 -0.338153 -0.0440996 0.281041 0.554226 0.779059 0.951095 0.992236 0.947134 0.846783 0.625295 0.316089 

0.0555202 -0.209952 -0.505792 -0.798908 -0.981384 -1.00038 -0.900908 -0.757529 -0.605895 -0.437225 -0.231292 0.016066 0.287238 0.551293 0.774914 0.930005 0.997515 0.968833 0.845866 0.640291 0.3721 0.0675033 -0.243694 -0.531045 -0.766378 -0.926812 -0.996149 -0.969045 -0.84434 -0.643225 -0.366838 -0.0749038 0.250865 0.529084 0.758952 0.939782 0.992002 0.95413 0.862269 0.651391 0.346073 

0.0834468 -0.182038 -0.476331 -0.774575 -0.970493 -1.00381 -0.91283 -0.772238 -0.621825 -0.455769 -0.25375 -0.00974143 0.260441 0.526707 0.755636 0.918437 0.995093 0.975944 0.86188 0.663666 0.400557 0.09826 -0.213647 -0.50465 -0.746215 -0.914868 -0.993555 -0.976147 -0.860249 -0.666724 -0.395176 -0.10562 0.220427 0.503438 0.738172 0.927486 0.990834 0.960347 0.876811 0.676729 0.37594 

0.111481 -0.154193 -0.446724 -0.749355 -0.958218 -1.00607 -0.924161 -0.786739 -0.63757 -0.473993 -0.275841 -0.0353201 0.233599 0.501761 0.735719 0.906033 0.991738 0.98213 0.877073 0.686408 0.428632 0.128922 -0.183397 -0.477775 -0.72534 -0.902051 -0.990011 -0.98232 -0.875332 -0.689587 -0.423141 -0.136217 0.189759 0.477309 0.716742 0.914223 0.988722 0.965783 0.890409 0.701269 0.405646 

0.139615 -0.126417 -0.417016 -0.723312 -0.944577 -1.00713 -0.93485 -0.80101 -0.653135 -0.491906 -0.297563 -0.0606501 0.206741 0.476484 0.715187 0.892809 0.987457 0.987386 0.891431 0.708494 0.456296 0.159461 -0.152973 -0.450444 -0.703772 -0.888374 -0.985519 -0.987558 -0.889575 -0.711793 -0.450707 -0.166667 0.158891 0.450719 0.694687 0.900009 0.985657 0.970437 0.903066 0.724974 0.435142 

0.167841 -0.0987085 -0.38725 -0.696508 -0.929593 -1.00694 -0.944848 -0.815026 -0.668524 -0.509519 -0.318913 -0.0857129 0.179896 0.450906 0.694065 0.878781 0.982254 0.991708 0.904941 0.729904 0.483525 0.189846 -0.122403 -0.422683 -0.681532 -0.873849 -0.980084 -0.991855 -0.902964 -0.73332 -0.477849 -0.19694 0.127853 0.42369 0.672029 0.884862 0.981631 0.974305 0.914785 0.747812 0.464382 

0.196145 -0.0710639 -0.357464 -0.66901 -0.913293 -1.00548 -0.954105 -0.828758 -0.683737 -0.526842 -0.33989 -0.110491 0.153092 0.425059 0.672379 0.863965 0.976138 0.995093 0.91759 0.750619 0.510291 0.22005 -0.0917163 -0.394519 -0.658641 -0.858491 -0.973712 -0.995208 -0.915487 -0.754147 -0.504541 -0.227005 0.0966767 0.396244 0.648793 0.868802 0.976639 0.977387 0.925573 0.76975 0.493315 

0.224514 -0.0434794 -0.327692 -0.640883 -0.895709 -1.00272 -0.962571 -0.842178 -0.698773 -0.543884 -0.360496 -0.134969 0.126357 0.398971 0.650155 0.84838 0.969115 0.997538 0.929366 0.770617 0.53657 0.250042 -0.0609431 -0.36598 -0.635121 -0.842315 -0.966407 -0.997613 -0.927132 -0.774253 -0.530758 -0.256835 0.0653936 0.368403 0.625002 0.851849 0.970674 0.979677 0.935435 0.79076 0.521891 

0.252929 -0.0159502 -0.297967 -0.61219 -0.876878 -0.99864 -0.970197 -0.855253 -0.71363 -0.560655 -0.380731 -0.159133 0.0997159 0.372674 0.62742 0.832045 0.961196 0.999042 0.940259 0.78988 0.562337 0.279796 -0.0301122 -0.337091 -0.610994 -0.825335 -0.958178 -0.999068 -0.937888 -0.793618 -0.556477 -0.286401 0.0340356 0.340191 0.600681 0.834025 0.963733 0.981173 0.944378 0.810816 0.550061 

0.281371 0.0115289 -0.268316 -0.582997 -0.856841 -0.993223 -0.976934 -0.867948 -0.728304 -0.577165 -0.400598 -0.182969 0.0731961 0.346198 0.604201 0.814979 0.95239 0.999606 0.95026 0.80839 0.587566 0.309281 0.000746798 -0.307882 -0.586284 -0.807568 -0.949032 -0.999572 -0.947745 -0.812224 -0.581673 -0.315675 0.0026346 0.31163 0.575854 0.815354 0.955815 0.981869 0.952412 0.829896 0.577774 

0.309816 0.0389632 -0.238764 -0.553366 -0.835642 -0.986455 -0.982734 -0.880226 -0.742785 -0.593424 -0.420103 -0.206466 0.046822 0.319572 0.580526 0.797202 0.942707 0.99923 0.959358 0.82613 0.612234 0.338471 0.0316045 -0.278379 -0.561014 -0.789032 -0.938977 -0.999125 -0.956694 -0.830053 -0.606323 -0.344629 -0.0287772 0.282745 0.550544 0.795861 0.946917 0.981762 0.959546 0.84798 0.604978 

0.338238 0.0663578 -0.209332 -0.523361 -0.81333 -0.978328 -0.987551 -0.892049 -0.757066 -0.609438 -0.439249 -0.229614 0.0206173 0.292828 0.556423 0.778737 0.932161 0.997915 0.967546 0.843083 0.636318 0.367337 0.0624314 -0.248612 -0.535209 -0.769743 -0.928023 -0.997726 -0.964726 -0.847086 -0.630405 -0.373236 -0.0601676 0.25356 0.524776 0.775571 0.937041 0.980845 0.965788 0.865051 0.631626 

0.366609 0.0937173 -0.180037 -0.49304 -0.789957 -0.968838 -0.991342 -0.903376 -0.771133 -0.625216 -0.458043 -0.252405 -0.00539488 0.265995 0.531921 0.759606 0.920764 0.995665 0.974817 0.859233 0.659794 0.395852 0.0931982 -0.218607 -0.508892 -0.749721 -0.916181 -0.995377 -0.971835 -0.863307 -0.653895 -0.401468 -0.0915041 0.224101 0.498573 0.754511 0.926189 0.979114 0.971149 0.881096 0.657667 

0.394898 0.121045 -0.150896 -0.462464 -0.765577 -0.957987 -0.994063 -0.914165 -0.784973 -0.640764 -0.476491 -0.27483 -0.0311929 0.239102 0.507049 0.739831 0.90853 0.992484 0.981165 0.874565 0.68264 0.423988 0.123875 -0.188395 -0.482089 -0.728985 -0.903462 -0.992081 -0.978014 -0.878699 -0.676772 -0.4293 -0.122754 0.194391 0.47196 0.732709 0.914365 0.976561 0.97564 0.896103 0.683053 

0.42307 0.148345 -0.121918 -0.431688 -0.740247 -0.945781 -0.995674 -0.924373 -0.798568 -0.656088 -0.494601 -0.296885 -0.0567563 0.212178 0.481837 0.719437 0.895473 0.988376 0.986584 0.889065 0.704836 0.451719 0.154434 -0.158004 -0.454825 -0.707554 -0.889878 -0.98784 -0.983257 -0.893249 -0.699014 -0.456705 -0.153886 0.164458 0.44496 0.710193 0.901575 0.973182 0.97927 0.910065 0.707737 

0.451089 0.175616 -0.0931143 -0.400765 -0.714028 -0.932231 -0.996138 -0.933956 -0.811899 -0.671191 -0.51238 -0.318565 -0.0820654 0.185252 0.456314 0.698447 0.881611 0.983347 0.991071 0.902718 0.726358 0.479018 0.184844 -0.127463 -0.427127 -0.685449 -0.875442 -0.982658 -0.987559 -0.90694 -0.720601 -0.483659 -0.184866 0.134326 0.417597 0.686993 0.887827 0.968969 0.982049 0.922976 0.731675 

0.478917 0.20286 -0.0644898 -0.369748 -0.686979 -0.917354 -0.995422 -0.942868 -0.824944 -0.686077 -0.529836 -0.339868 -0.107102 0.158352 0.430509 0.676888 0.866959 0.977404 0.994622 0.915514 0.747188 0.50586 0.215077 -0.0968013 -0.399021 -0.662692 -0.860167 -0.976541 -0.990917 -0.919759 -0.741512 -0.510137 -0.215664 0.104023 0.389894 0.663139 0.873129 0.963918 0.983988 0.934833 0.754823 

0.506515 0.230074 -0.036049 -0.338683 -0.659164 -0.901171 -0.993493 -0.951065 -0.837678 -0.700745 -0.546978 -0.36079 -0.13185 0.131505 0.404454 0.654784 0.851535 0.970554 0.997235 0.92744 0.767306 0.532218 0.245105 -0.0660481 -0.370534 -0.639304 -0.84407 -0.969493 -0.993329 -0.931694 -0.761727 -0.536114 -0.246246 0.0735764 0.361875 0.638661 0.857494 0.958022 0.985096 0.945637 0.77714 

0.533839 0.257254 -0.00779368 -0.307616 -0.630648 -0.883706 -0.990324 -0.958501 -0.850077 -0.715196 -0.563814 -0.381333 -0.156292 0.104737 0.378177 0.632162 0.835357 0.962808 0.998909 0.938484 0.786692 0.558068 0.274898 -0.0352328 -0.341693 -0.615307 -0.827163 -0.961522 -0.994791 -0.942732 -0.781228 -0.561566 -0.27658 0.0430127 0.333563 0.61359 0.840935 0.951274 0.985383 0.95539 0.798585 

0.560846 0.284393 0.020276 -0.27659 -0.601493 -0.86499 -0.985892 -0.965131 -0.86211 -0.729427 -0.580351 -0.401496 -0.180416 0.078076 0.351708 0.609049 0.818446 0.954173 0.999642 0.948638 0.805329 0.583385 0.304428 -0.0043849 -0.312525 -0.590725 -0.809465 -0.952636 -0.995304 -0.952863 -0.799995 -0.586472 -0.306636 0.0123603 0.304982 0.587958 0.823466 0.943671 0.984856 0.964096 0.819123 

0.587492 0.311483 0.0481614 -0.245642 -0.571766 -0.845057 -0.980177 -0.970909 -0.873747 -0.743433 -0.596599 -0.421282 -0.204207 0.0515455 0.325078 0.585472 0.800822 0.944662 0.999436 0.957892 0.823199 0.608145 0.333668 0.0264661 -0.283058 -0.56558 -0.790992 -0.942841 -0.994867 -0.962076 -0.818012 -0.610809 -0.336382 -0.0183525 0.276154 0.561797 0.805104 0.935206 0.983525 0.971761 0.838719 

0.61373 0.338513 0.0758652 -0.214807 -0.541531 -0.823946 -0.973162 -0.975791 -0.884955 -0.757207 -0.612564 -0.440693 -0.227655 0.0251701 0.298316 0.56146 0.782505 0.934286 0.998293 0.966239 0.840284 0.632324 0.362588 0.0572908 -0.253321 -0.539898 -0.771761 -0.932148 -0.993482 -0.970363 -0.835259 -0.634554 -0.365787 -0.0490969 0.247102 0.535137 0.785867 0.925876 0.981397 0.978395 0.857341 

0.639513 0.365469 0.103391 -0.184117 -0.510853 -0.801698 -0.964837 -0.979734 -0.895699 -0.770742 -0.628254 -0.459732 -0.25075 -0.00102685 0.271452 0.53704 0.763517 0.923058 0.996215 0.97367 0.85657 0.6559 0.391162 0.0880596 -0.223341 -0.513703 -0.751791 -0.920567 -0.991149 -0.977714 -0.851722 -0.657687 -0.39482 -0.0798438 0.217849 0.508013 0.765777 0.915677 0.978479 0.984008 0.874962 

0.664795 0.392335 0.130743 -0.153601 -0.479794 -0.77836 -0.955194 -0.982696 -0.905944 -0.784027 -0.643674 -0.478405 -0.273481 -0.0270231 0.244514 0.512241 0.743881 0.910991 0.993206 0.980179 0.872041 0.67885 0.419362 0.118743 -0.193148 -0.487019 -0.731101 -0.908108 -0.987871 -0.984123 -0.867383 -0.680188 -0.423452 -0.110564 0.188419 0.480454 0.744854 0.904606 0.974776 0.988611 0.891555 

0.689527 0.419092 0.157926 -0.123284 -0.448418 -0.753982 -0.944231 -0.984637 -0.915652 -0.797048 -0.658831 -0.496717 -0.295843 -0.0527975 0.217531 0.487092 0.723621 0.8981 0.989271 0.985762 0.886682 0.701153 0.447162 0.149312 -0.16277 -0.459872 -0.709711 -0.894783 -0.983653 -0.989582 -0.882227 -0.702037 -0.451652 -0.141227 0.158833 0.452494 0.723123 0.892662 0.970294 0.992217 0.907097 

0.713663 0.445719 0.184945 -0.0931859 -0.416785 -0.728614 -0.931949 -0.985519 -0.924783 -0.809791 -0.673728 -0.514672 -0.317828 -0.0783298 0.190533 0.461622 0.702761 0.884401 0.984414 0.990413 0.90048 0.722786 0.474534 0.179738 -0.132235 -0.432289 -0.687642 -0.880605 -0.978498 -0.994087 -0.896241 -0.723215 -0.479393 -0.171803 0.129115 0.424165 0.700609 0.879844 0.965038 0.994842 0.921569 

0.737156 0.47219 0.211803 -0.0633267 -0.384955 -0.702314 -0.918355 -0.985306 -0.933298 -0.822239 -0.688369 -0.532278 -0.339432 -0.103601 0.163547 0.435861 0.681324 0.86991 0.978644 0.99413 0.913422 0.743731 0.501454 0.20999 -0.101574 -0.404295 -0.664914 -0.865587 -0.972413 -0.997633 -0.909408 -0.743703 -0.506644 -0.202262 0.0992875 0.395497 0.677339 0.866153 0.959011 0.9965 0.934955 

0.759958 0.498481 0.238505 -0.0337213 -0.352984 -0.675137 -0.90346 -0.983964 -0.941156 -0.834371 -0.702756 -0.549541 -0.360651 -0.128593 0.136599 0.409838 0.659337 0.854645 0.971966 0.996911 0.925498 0.763966 0.527895 0.240041 -0.070816 -0.375917 -0.64155 -0.849743 -0.965402 -1.00022 -0.921717 -0.763485 -0.53338 -0.232572 0.0693729 0.366523 0.653341 0.851589 0.952217 0.997207 0.947241 

0.782025 0.524561 0.265054 -0.00438199 -0.320928 -0.647144 -0.887279 -0.981463 -0.948316 -0.846167 -0.716889 -0.566468 -0.381482 -0.15329 0.109718 0.383582 0.636826 0.838624 0.964391 0.998752 0.936694 0.783474 0.553833 0.269862 -0.0399893 -0.347183 -0.617571 -0.833088 -0.957474 -1.00183 -0.933155 -0.782542 -0.559572 -0.262704 0.0393941 0.337273 0.628645 0.836158 0.944657 0.996981 0.958417 

0.803312 0.550399 0.291452 0.0246816 -0.288838 -0.618396 -0.869834 -0.977774 -0.954736 -0.857603 -0.730768 -0.583066 -0.401925 -0.177676 0.0829287 0.357124 0.613817 0.821865 0.955928 0.999655 0.947002 0.802235 0.579241 0.299424 -0.00912372 -0.31812 -0.593002 -0.815637 -0.948637 -1.00248 -0.94371 -0.80086 -0.585194 -0.292626 0.00937421 0.307777 0.603282 0.819862 0.936335 0.995839 0.968475 

0.823778 0.575962 0.317699 0.0534623 -0.256765 -0.588956 -0.851147 -0.972874 -0.960374 -0.868653 -0.744391 -0.599341 -0.421979 -0.201737 0.0562567 0.330492 0.590336 0.80439 0.946587 0.999619 0.956413 0.820232 0.604098 0.328698 0.0217512 -0.288756 -0.567865 -0.797407 -0.938899 -1.00217 -0.953371 -0.818421 -0.610221 -0.322308 -0.020664 0.278068 0.577283 0.802709 0.927252 0.993798 0.977413 

0.843379 0.601214 0.343794 0.0819556 -0.224754 -0.558887 -0.831249 -0.966742 -0.965189 -0.879289 -0.757753 -0.6153 -0.441645 -0.22546 0.0297264 0.303716 0.566413 0.786218 0.936379 0.998647 0.964917 0.837448 0.628378 0.357658 0.0526061 -0.259118 -0.542184 -0.778415 -0.92827 -1.00088 -0.962127 -0.835212 -0.634629 -0.351717 -0.0506973 0.248173 0.550682 0.784706 0.917407 0.990875 0.985228 

0.862078 0.626117 0.369735 0.110159 -0.192849 -0.528253 -0.810172 -0.959359 -0.96914 -0.889483 -0.770847 -0.630949 -0.460924 -0.248834 0.00336166 0.276825 0.542073 0.767372 0.925318 0.99674 0.972508 0.853867 0.65206 0.386275 0.0834115 -0.229235 -0.515985 -0.758679 -0.91676 -0.998634 -0.96997 -0.851219 -0.658392 -0.380823 -0.0807025 0.218122 0.523513 0.765863 0.906803 0.987088 0.991921 

0.879838 0.650632 0.395517 0.138071 -0.16109 -0.49712 -0.787953 -0.950714 -0.972186 -0.899202 -0.783668 -0.646295 -0.479819 -0.271847 -0.0228149 0.249849 0.517346 0.747873 0.913417 0.993902 0.97918 0.869473 0.675119 0.414522 0.114138 -0.199136 -0.489293 -0.738217 -0.904381 -0.99542 -0.97689 -0.866428 -0.681488 -0.409595 -0.110656 0.187944 0.49581 0.746191 0.895438 0.982455 0.997498 

0.896623 0.674719 0.421133 0.165692 -0.129515 -0.465551 -0.764633 -0.940796 -0.97429 -0.908416 -0.796204 -0.661342 -0.498334 -0.294492 -0.0487816 0.222815 0.49226 0.727744 0.900691 0.990138 0.984927 0.884253 0.697536 0.442372 0.144757 -0.168849 -0.462133 -0.717049 -0.891146 -0.991247 -0.98288 -0.880825 -0.703895 -0.438001 -0.140535 0.157667 0.467611 0.725704 0.883314 0.976992 1.00197 

0.912403 0.698335 0.446575 0.193026 -0.0981568 -0.43361 -0.740256 -0.9296 -0.975412 -0.917088 -0.808444 -0.676094 -0.516473 -0.316761 -0.0745175 0.195752 0.466844 0.70701 0.887153 0.985453 0.989744 0.898192 0.719287 0.469799 0.175238 -0.138403 -0.434531 -0.695194 -0.877066 -0.986118 -0.987933 -0.8944 -0.725591 -0.466011 -0.170315 0.127318 0.43895 0.704417 0.87043 0.970716 1.00533 

0.927147 0.721438 0.471831 0.220074 -0.0670464 -0.401361 -0.71487 -0.917124 -0.975517 -0.925185 -0.820376 -0.690557 -0.534239 -0.338646 -0.100003 0.168688 0.441126 0.685694 0.872822 0.979853 0.993627 0.911278 0.740354 0.496776 0.205552 -0.107827 -0.406514 -0.672673 -0.862155 -0.980038 -0.992042 -0.907141 -0.746557 -0.493594 -0.199971 0.0969252 0.409864 0.682345 0.856786 0.963643 1.00761 

0.94083 0.743984 0.496889 0.246841 -0.0362106 -0.368866 -0.688526 -0.903372 -0.97457 -0.93267 -0.831982 -0.704731 -0.551638 -0.360142 -0.125219 0.14165 0.415137 0.663822 0.857714 0.973347 0.996576 0.923499 0.760716 0.523278 0.235672 -0.0771498 -0.378109 -0.649508 -0.846429 -0.973015 -0.995203 -0.919037 -0.766772 -0.52072 -0.229481 0.0665136 0.38039 0.659509 0.842383 0.955787 1.00881 

0.953427 0.76593 0.521731 0.273331 -0.00567324 -0.336185 -0.661276 -0.888352 -0.97254 -0.939505 -0.843246 -0.718619 -0.568675 -0.381246 -0.150149 0.114666 0.388904 0.641419 0.841846 0.965942 0.998586 0.934844 0.780354 0.549279 0.265567 -0.0464015 -0.349343 -0.625719 -0.829902 -0.965054 -0.99741 -0.930078 -0.786219 -0.547359 -0.258819 0.0361095 0.350567 0.635928 0.827222 0.947164 1.00896 

0.964918 0.787231 0.54634 0.299549 0.024545 -0.303378 -0.633178 -0.872074 -0.969396 -0.945654 -0.854149 -0.732221 -0.585357 -0.401954 -0.174776 0.08776 0.362458 0.618512 0.825238 0.957647 0.999659 0.945302 0.799249 0.574755 0.29521 -0.0156109 -0.320244 -0.601331 -0.81259 -0.956165 -0.99866 -0.940255 -0.80488 -0.57348 -0.28796 0.00573783 0.32043 0.611625 0.811303 0.937786 1.00806 

0.975287 0.807844 0.570695 0.325497 0.0544268 -0.270501 -0.604288 -0.854556 -0.965112 -0.951077 -0.864668 -0.745536 -0.601687 -0.422264 -0.199085 0.0609591 0.335827 0.595126 0.80791 0.948474 0.999795 0.954864 0.817384 0.599682 0.324572 0.0151928 -0.290841 -0.576364 -0.79451 -0.946356 -0.998951 -0.949559 -0.822739 -0.599056 -0.31688 -0.0245767 0.290019 0.586624 0.794629 0.927668 1.00613 

0.984518 0.827725 0.594772 0.351181 0.0839574 -0.237609 -0.574668 -0.835816 -0.959663 -0.955738 -0.874782 -0.758561 -0.617673 -0.442175 -0.223062 0.0342877 0.309041 0.571289 0.789881 0.938434 0.998994 0.963521 0.834742 0.624035 0.353625 0.0459801 -0.26116 -0.550844 -0.775679 -0.935638 -0.998281 -0.957982 -0.839779 -0.624056 -0.345554 -0.0548102 0.259369 0.56095 0.777202 0.916819 1.00321 

0.992602 0.846831 0.618546 0.376604 0.113125 -0.204756 -0.544378 -0.81588 -0.953028 -0.959597 -0.884464 -0.771293 -0.633319 -0.461688 -0.246694 0.00776954 0.282128 0.547029 0.771174 0.927538 0.99726 0.971267 0.851307 0.647793 0.382341 0.0767219 -0.231232 -0.524794 -0.756115 -0.924021 -0.996649 -0.965518 -0.855988 -0.648454 -0.373955 -0.0849392 0.228518 0.534632 0.759026 0.905253 0.999295 

0.99953 0.865122 0.641989 0.401767 0.141921 -0.171989 -0.513481 -0.794775 -0.945189 -0.962616 -0.893689 -0.783726 -0.648631 -0.480802 -0.26997 -0.0185721 0.255118 0.522373 0.75181 0.915801 0.994595 0.978095 0.867063 0.670931 0.410694 0.107389 -0.201084 -0.498238 -0.735836 -0.911518 -0.994055 -0.972159 -0.871351 -0.672221 -0.402058 -0.114941 0.197502 0.507698 0.740104 0.892979 0.994424 

1.0053 0.882555 0.665071 0.426672 0.170339 -0.139357 -0.482041 -0.772536 -0.936132 -0.964759 -0.902428 -0.795854 -0.663614 -0.49952 -0.292878 -0.044715 0.228038 0.497349 0.731811 0.903236 0.991003 0.983999 0.881996 0.693429 0.438656 0.137952 -0.170746 -0.471203 -0.714863 -0.898141 -0.990501 -0.9779 -0.885857 -0.69533 -0.429837 -0.144792 0.166359 0.480179 0.720442 0.880006 0.988614 

1.0099 0.899093 0.687761 0.451319 0.198373 -0.106903 -0.450121 -0.749197 -0.925846 -0.96599 -0.910652 -0.807666 -0.678271 -0.517844 -0.315411 -0.0706379 0.200918 0.471986 0.711201 0.889858 0.986491 0.988975 0.896091 0.715265 0.4662 0.168382 -0.140247 -0.443713 -0.693214 -0.883905 -0.985988 -0.982735 -0.899493 -0.717756 -0.457266 -0.174471 0.135124 0.452107 0.700047 0.866342 0.98189 

1.01335 0.914697 0.710024 0.475706 0.226023 -0.0746679 -0.417786 -0.724798 -0.914324 -0.966272 -0.91833 -0.819153 -0.692607 -0.535777 -0.33756 -0.0963204 0.173784 0.446313 0.690005 0.875683 0.981065 0.993018 0.909337 0.736419 0.4933 0.19865 -0.109617 -0.415795 -0.67091 -0.868823 -0.98052 -0.98666 -0.912249 -0.739474 -0.484319 -0.203957 0.103832 0.423516 0.678927 0.851996 0.974275 

1.01564 0.929333 0.731825 0.499829 0.253286 -0.0426896 -0.385099 -0.699384 -0.901562 -0.965572 -0.92543 -0.830302 -0.706624 -0.553323 -0.359317 -0.121743 0.146665 0.420358 0.668247 0.860729 0.974731 0.996126 0.921721 0.756869 0.519931 0.228728 -0.078884 -0.387475 -0.647973 -0.852911 -0.974101 -0.98967 -0.924117 -0.760458 -0.510969 -0.233227 0.0725179 0.39444 0.657092 0.836975 0.965791 

1.01678 0.942968 0.753128 0.523684 0.280165 -0.0110025 -0.352123 -0.673 -0.887562 -0.963858 -0.931919 -0.8411 -0.720325 -0.570485 -0.380678 -0.146888 0.119586 0.39415 0.645951 0.845012 0.967498 0.998297 0.933231 0.776598 0.546067 0.258587 -0.0480787 -0.35878 -0.624423 -0.836186 -0.966735 -0.991764 -0.935087 -0.780687 -0.537189 -0.262262 0.0412154 0.364915 0.634551 0.821285 0.956463 

1.01679 0.95557 0.773894 0.547261 0.306661 0.0203621 -0.318922 -0.645697 -0.872328 -0.961099 -0.937762 -0.85153 -0.733711 -0.587267 -0.401638 -0.171738 0.0925746 0.367718 0.623144 0.828552 0.959375 0.999531 0.943858 0.795587 0.571683 0.288198 -0.0172306 -0.329737 -0.600284 -0.818665 -0.958428 -0.992938 -0.945152 -0.800136 -0.562953 -0.291039 0.00995773 0.334977 0.611318 0.804931 0.946314 

1.01566 0.967113 0.794085 0.570553 0.332778 0.0513764 -0.285557 -0.617526 -0.855868 -0.957267 -0.942926 -0.861574 -0.746781 -0.603675 -0.422193 -0.196277 0.065656 0.341091 0.599852 0.811367 0.950373 0.999828 0.953593 0.813818 0.596754 0.317534 0.0136308 -0.300375 -0.575577 -0.800364 -0.949188 -0.99319 -0.954306 -0.818785 -0.588234 -0.319539 -0.021223 0.304666 0.587407 0.78792 0.935367 

1.01343 0.977569 0.81366 0.593547 0.358518 0.0820155 -0.252087 -0.588542 -0.838197 -0.952335 -0.947376 -0.871215 -0.759534 -0.619712 -0.442341 -0.220489 0.0388551 0.314297 0.576102 0.793479 0.940502 0.999189 0.962425 0.831273 0.621258 0.346567 0.0444758 -0.270721 -0.550325 -0.781304 -0.939023 -0.99252 -0.962543 -0.836613 -0.613006 -0.347742 -0.0522954 0.274019 0.562833 0.770257 0.923644 

1.01011 0.986918 0.83258 0.61623 0.383888 0.112258 -0.218571 -0.558802 -0.819329 -0.946281 -0.951076 -0.880429 -0.771969 -0.635384 -0.46208 -0.244361 0.0121963 0.287367 0.551921 0.774907 0.929775 0.997615 0.970349 0.847937 0.64517 0.375269 0.0752746 -0.240803 -0.524553 -0.761503 -0.927941 -0.990926 -0.969858 -0.853602 -0.637241 -0.375626 -0.0832291 0.243075 0.537614 0.751946 0.911167 

1.00571 0.995138 0.850805 0.638585 0.40889 0.142085 -0.185065 -0.528366 -0.799288 -0.939083 -0.953991 -0.889195 -0.78408 -0.650695 -0.481409 -0.267881 -0.0142971 0.260328 0.527336 0.755674 0.918204 0.995111 0.977357 0.863795 0.668467 0.403613 0.105998 -0.21065 -0.498284 -0.740981 -0.915952 -0.98841 -0.976249 -0.869732 -0.660914 -0.403173 -0.113995 0.211874 0.511769 0.732993 0.897957 

1.00026 1.00221 0.868293 0.660593 0.433529 0.171481 -0.151623 -0.497293 -0.778096 -0.930723 -0.956087 -0.897489 -0.795864 -0.665649 -0.500329 -0.291036 -0.0406023 0.233208 0.502376 0.735801 0.905804 0.99168 0.983444 0.87883 0.691129 0.431573 0.136616 -0.18029 -0.471542 -0.719759 -0.903068 -0.984972 -0.981711 -0.884988 -0.683997 -0.430362 -0.144563 0.180456 0.48532 0.713403 0.884036 

0.993779 1.00813 0.885005 0.682234 0.45781 0.200433 -0.118297 -0.465645 -0.755784 -0.921187 -0.957329 -0.905285 -0.807313 -0.68025 -0.518839 -0.313817 -0.0666976 0.206036 0.477067 0.715313 0.89259 0.987327 0.988605 0.893031 0.713132 0.459122 0.167099 -0.149754 -0.444354 -0.697858 -0.889301 -0.980614 -0.986243 -0.899352 -0.706465 -0.457173 -0.174908 0.148861 0.458289 0.693179 0.869421 

0.986293 1.01288 0.900902 0.703486 0.481735 0.228932 -0.0851364 -0.433485 -0.732383 -0.910464 -0.957683 -0.912556 -0.818419 -0.694502 -0.536943 -0.336213 -0.0925621 0.178839 0.451439 0.694232 0.878576 0.982059 0.992835 0.906383 0.734457 0.486233 0.197419 -0.11907 -0.416743 -0.6753 -0.874662 -0.975339 -0.989843 -0.912811 -0.728292 -0.483586 -0.205002 0.117129 0.4307 0.67233 0.854131 

0.977827 1.01646 0.915945 0.724322 0.505308 0.256969 -0.052187 -0.400875 -0.70793 -0.898544 -0.957117 -0.919275 -0.829173 -0.708408 -0.554642 -0.358218 -0.118176 0.151645 0.425521 0.672583 0.863781 0.975883 0.996133 0.918874 0.755083 0.512882 0.227546 -0.0882681 -0.388736 -0.652108 -0.859167 -0.969149 -0.992512 -0.925351 -0.749452 -0.509581 -0.23482 0.0853014 0.40258 0.650859 0.838185 

0.968409 1.01886 0.930096 0.744717 0.528529 0.28454 -0.0194924 -0.36788 -0.682464 -0.885425 -0.955598 -0.92541 -0.839563 -0.72197 -0.571938 -0.379823 -0.14352 0.12448 0.39934 0.65039 0.84822 0.968806 0.998496 0.930494 0.774991 0.539043 0.257451 -0.0573773 -0.360359 -0.628305 -0.842829 -0.962049 -0.994249 -0.93696 -0.769921 -0.535138 -0.264338 0.0534171 0.373958 0.628774 0.821598 

0.958064 1.02008 0.94332 0.764642 0.551399 0.31164 0.0129068 -0.334562 -0.656029 -0.871104 -0.953097 -0.930934 -0.849576 -0.735189 -0.588835 -0.401023 -0.168577 0.0973716 0.372925 0.62768 0.831913 0.960838 0.999923 0.941232 0.794161 0.564692 0.287106 -0.0264276 -0.331637 -0.603914 -0.825666 -0.954042 -0.995056 -0.947628 -0.789674 -0.560237 -0.293531 0.0215163 0.344861 0.606082 0.804386 

0.946821 1.02012 0.955582 0.784065 0.573916 0.33827 0.0449732 -0.300985 -0.62867 -0.855585 -0.949585 -0.935814 -0.859198 -0.748066 -0.605336 -0.421813 -0.193329 0.0703445 0.346306 0.604478 0.814879 0.951988 1.00041 0.951078 0.812576 0.589804 0.316482 0.00455113 -0.302598 -0.57896 -0.807692 -0.945136 -0.994935 -0.957344 -0.808686 -0.584858 -0.322377 -0.0103618 0.315322 0.582791 0.786564 

0.934708 1.019 0.96685 0.802955 0.596078 0.364429 0.0766727 -0.267212 -0.600436 -0.838875 -0.945034 -0.940019 -0.868413 -0.760601 -0.621444 -0.442188 -0.217761 0.0434242 0.31951 0.580811 0.797137 0.942268 0.999971 0.960024 0.830218 0.614356 0.345551 0.035529 -0.273269 -0.553468 -0.788927 -0.935336 -0.993887 -0.966101 -0.826934 -0.60898 -0.350854 -0.0421784 0.285373 0.558911 0.768145 

0.921754 1.01671 0.977094 0.821279 0.617881 0.390119 0.107974 -0.233303 -0.571379 -0.820984 -0.939421 -0.943517 -0.877203 -0.772793 -0.637164 -0.462147 -0.241858 0.0166351 0.292567 0.556704 0.778708 0.931689 0.998595 0.968062 0.847072 0.638325 0.374287 0.0664762 -0.243676 -0.527461 -0.769388 -0.924648 -0.991918 -0.973892 -0.844396 -0.632583 -0.378941 -0.0738954 0.255049 0.53445 0.749142 

0.907988 1.01327 0.986284 0.839001 0.639317 0.415342 0.13885 -0.199319 -0.541552 -0.801926 -0.932723 -0.946276 -0.885549 -0.784639 -0.6525 -0.481686 -0.265606 -0.00999892 0.265504 0.532187 0.759614 0.920264 0.996289 0.975186 0.86312 0.661688 0.40266 0.0973626 -0.213847 -0.500966 -0.749096 -0.913082 -0.989029 -0.980711 -0.86105 -0.655647 -0.406618 -0.105475 0.224384 0.509422 0.729566 

0.893437 1.00869 0.994396 0.856088 0.660379 0.440103 0.169274 -0.16532 -0.511013 -0.781719 -0.924919 -0.948263 -0.89343 -0.796135 -0.667454 -0.500804 -0.288993 -0.036455 0.238351 0.507285 0.739876 0.908007 0.993058 0.98139 0.878348 0.684423 0.430645 0.128158 -0.18381 -0.474009 -0.728069 -0.900645 -0.985226 -0.986553 -0.876875 -0.67815 -0.433866 -0.136882 0.193415 0.483839 0.709429 

0.87813 1.00299 1.00141 0.872502 0.681055 0.464405 0.199227 -0.131361 -0.479818 -0.760386 -0.915993 -0.949447 -0.900824 -0.807277 -0.682031 -0.519501 -0.312006 -0.0627108 0.211135 0.482027 0.719517 0.894933 0.988905 0.986669 0.892742 0.706509 0.458215 0.158834 -0.153593 -0.446615 -0.70633 -0.887347 -0.980514 -0.991416 -0.89185 -0.700073 -0.460666 -0.168079 0.16218 0.457714 0.688742 

0.862095 0.996199 1.00729 0.888207 0.701334 0.488254 0.228688 -0.097498 -0.448027 -0.737953 -0.905929 -0.949795 -0.907708 -0.818058 -0.696233 -0.537778 -0.334637 -0.0887451 0.183883 0.456441 0.698562 0.881056 0.983837 0.991018 0.906288 0.727925 0.485343 0.189359 -0.123223 -0.418812 -0.6839 -0.873199 -0.9749 -0.995297 -0.905956 -0.721394 -0.487 -0.199033 0.130716 0.431063 0.667513 

0.845358 0.988324 1.01204 0.903166 0.7212 0.511654 0.257642 -0.0637839 -0.415701 -0.714448 -0.894716 -0.949276 -0.914057 -0.828471 -0.710064 -0.555634 -0.356875 -0.114537 0.156623 0.430555 0.677033 0.866394 0.977861 0.994436 0.918975 0.748651 0.512004 0.219704 -0.09273 -0.390625 -0.660802 -0.858211 -0.968388 -0.998195 -0.919175 -0.742092 -0.51285 -0.22971 0.0990644 0.403904 0.645752 

0.827946 0.979393 1.01564 0.917342 0.740638 0.53461 0.286077 -0.0302692 -0.382902 -0.689905 -0.882346 -0.94786 -0.919845 -0.838506 -0.723526 -0.573072 -0.378712 -0.140068 0.129383 0.404397 0.654955 0.850963 0.970984 0.99692 0.93079 0.768668 0.538174 0.24984 -0.0621408 -0.362083 -0.637058 -0.842395 -0.960987 -1.00011 -0.93149 -0.762148 -0.5382 -0.260078 0.0672641 0.376255 0.623468 

0.809885 0.969432 1.01807 0.9307 0.759628 0.557125 0.313982 0.00299835 -0.349692 -0.66436 -0.868814 -0.945518 -0.925046 -0.848154 -0.73662 -0.590093 -0.400141 -0.165319 0.102187 0.377996 0.632354 0.834782 0.963216 0.99847 0.941722 0.787957 0.563826 0.279738 -0.0314845 -0.333212 -0.612695 -0.825765 -0.952704 -1.00105 -0.942884 -0.781539 -0.563033 -0.290105 0.0353557 0.348135 0.600669 

0.791198 0.958469 1.01932 0.943204 0.77815 0.579204 0.341349 0.0359735 -0.316134 -0.637853 -0.854117 -0.94222 -0.929633 -0.857402 -0.749348 -0.6067 -0.421155 -0.190272 0.075063 0.351381 0.609255 0.817869 0.954566 0.999084 0.951763 0.8065 0.588937 0.309368 -0.000789479 -0.304041 -0.587735 -0.808334 -0.943547 -1.00101 -0.953344 -0.800246 -0.587332 -0.319762 0.00338026 0.319569 0.577365 

0.77191 0.94653 1.0194 0.954818 0.79618 0.60085 0.368173 0.068614 -0.282291 -0.610426 -0.838258 -0.937941 -0.933575 -0.866237 -0.76171 -0.622895 -0.44175 -0.214911 0.0480353 0.324579 0.585685 0.800244 0.945044 0.998765 0.960902 0.824279 0.613483 0.338701 0.0299155 -0.274596 -0.562205 -0.790117 -0.933525 -0.999991 -0.962854 -0.818248 -0.611083 -0.349019 -0.028621 0.290577 0.553564 

0.752043 0.933647 1.0183 0.965509 0.813695 0.622063 0.39445 0.100881 -0.248225 -0.582126 -0.821242 -0.932655 -0.936846 -0.874645 -0.773706 -0.638681 -0.46192 -0.239219 0.0211288 0.297619 0.561669 0.781927 0.934663 0.997515 0.969133 0.841279 0.637442 0.367709 0.0606017 -0.244905 -0.53613 -0.771128 -0.922646 -0.998006 -0.971404 -0.835523 -0.63427 -0.377851 -0.0606069 0.261187 0.529274 

0.731619 0.919849 1.01602 0.975244 0.830668 0.642846 0.42018 0.132737 -0.213999 -0.553002 -0.803077 -0.926339 -0.939414 -0.882608 -0.785334 -0.654062 -0.481664 -0.263183 -0.00563241 0.27053 0.537234 0.762939 0.923434 0.995335 0.976447 0.857484 0.660791 0.396365 0.0912404 -0.214997 -0.509538 -0.751385 -0.910921 -0.995059 -0.978982 -0.852053 -0.656878 -0.40623 -0.092536 0.231424 0.504505 

0.710657 0.905169 1.01257 0.983992 0.847072 0.663196 0.445361 0.164149 -0.179673 -0.523103 -0.783776 -0.918971 -0.941251 -0.89011 -0.796591 -0.66904 -0.500977 -0.28679 -0.032225 0.243339 0.512409 0.743303 0.911371 0.99223 0.982839 0.872878 0.683509 0.424639 0.121803 -0.1849 -0.482455 -0.730904 -0.898361 -0.991154 -0.985578 -0.867817 -0.678892 -0.434132 -0.124367 0.201318 0.479265 

0.689178 0.889638 1.00794 0.991725 0.862877 0.683112 0.469997 0.195088 -0.145309 -0.492484 -0.763355 -0.910533 -0.942327 -0.897131 -0.807474 -0.683618 -0.519859 -0.310025 -0.0586265 0.216075 0.48722 0.723041 0.898489 0.988206 0.988304 0.887448 0.705573 0.452504 0.15226 -0.154641 -0.454909 -0.709704 -0.884975 -0.986302 -0.991184 -0.882796 -0.700297 -0.461533 -0.15606 0.170898 0.453565 

0.667198 0.873289 1.00217 0.998416 0.878053 0.702589 0.494089 0.225526 -0.110964 -0.4612 -0.741834 -0.901007 -0.942612 -0.903651 -0.817979 -0.697799 -0.538308 -0.332879 -0.084815 0.188765 0.461695 0.702176 0.884802 0.983267 0.992837 0.901179 0.726964 0.479934 0.182584 -0.124249 -0.426929 -0.687803 -0.870775 -0.980509 -0.995793 -0.896969 -0.721078 -0.488411 -0.187574 0.140195 0.427416 

0.644736 0.856154 0.995249 1.00404 0.892569 0.721622 0.517642 0.255439 -0.0766964 -0.429309 -0.719237 -0.89038 -0.942077 -0.909649 -0.828099 -0.711586 -0.556325 -0.355341 -0.11077 0.161436 0.435862 0.680731 0.870326 0.97742 0.996436 0.91406 0.747663 0.506901 0.212746 -0.093753 -0.398542 -0.665221 -0.855774 -0.973786 -0.999399 -0.91032 -0.741223 -0.514746 -0.21887 0.109243 0.400829 

0.621807 0.838267 0.987203 1.00857 0.906392 0.740203 0.54066 0.284806 -0.0425615 -0.396868 -0.695589 -0.878641 -0.940693 -0.915102 -0.837827 -0.724981 -0.573908 -0.377401 -0.13647 0.134116 0.40975 0.658732 0.85508 0.970675 0.999097 0.926079 0.767649 0.53338 0.242717 -0.06318 -0.369778 -0.641979 -0.839983 -0.966143 -1.002 -0.922829 -0.760714 -0.540516 -0.249908 0.0780751 0.373816 

0.598427 0.81966 0.97805 1.01199 0.919491 0.758323 0.563148 0.313609 -0.00861244 -0.363939 -0.670922 -0.865781 -0.938432 -0.919987 -0.847156 -0.737986 -0.59106 -0.39905 -0.161898 0.10683 0.383385 0.636202 0.839079 0.963038 1.00082 0.937224 0.786904 0.559345 0.272469 -0.0325587 -0.340666 -0.618098 -0.823415 -0.95759 -1.00359 -0.934478 -0.77954 -0.565704 -0.280651 0.0467277 0.34639 

0.57461 0.800364 0.967811 1.01429 0.931831 0.77597 0.585112 0.341834 0.0250995 -0.330582 -0.645269 -0.851794 -0.935266 -0.924279 -0.856074 -0.750602 -0.607782 -0.420283 -0.187034 0.079605 0.356798 0.613168 0.822342 0.95452 1.0016 0.947486 0.805412 0.58477 0.301973 -0.00191736 -0.311236 -0.5936 -0.806085 -0.948141 -1.00417 -0.945252 -0.797684 -0.590293 -0.311061 0.015237 0.318567 

0.550368 0.780413 0.95651 1.01544 0.94338 0.793131 0.606557 0.369467 0.0585255 -0.296859 -0.618668 -0.836679 -0.93117 -0.927953 -0.864572 -0.76283 -0.624074 -0.441091 -0.211861 0.0524661 0.330016 0.589654 0.80489 0.945131 1.00145 0.956856 0.823155 0.609631 0.331202 0.028716 -0.281517 -0.568508 -0.788006 -0.937806 -1.00374 -0.955133 -0.815133 -0.614265 -0.341102 -0.0163592 0.290362 

0.525716 0.759836 0.944172 1.01545 0.954105 0.80979 0.627487 0.3965 0.0916196 -0.262831 -0.591158 -0.820436 -0.926117 -0.930982 -0.872636 -0.77467 -0.63994 -0.461471 -0.236364 0.0254384 0.303067 0.565689 0.786741 0.934884 1.00036 0.965325 0.840117 0.633904 0.360128 0.0593132 -0.25154 -0.542846 -0.769193 -0.9266 -1.0023 -0.964106 -0.831872 -0.637605 -0.370739 -0.0480225 0.261792 

0.500665 0.738664 0.930827 1.01429 0.963972 0.825931 0.647909 0.422924 0.124338 -0.228562 -0.562782 -0.803071 -0.920086 -0.93334 -0.880253 -0.786121 -0.655381 -0.481416 -0.260526 -0.00145403 0.275979 0.541297 0.767917 0.92379 0.998333 0.972886 0.856283 0.657566 0.388722 0.0898464 -0.221334 -0.516639 -0.74966 -0.914536 -0.999856 -0.972157 -0.847887 -0.660298 -0.399939 -0.0797136 0.232876 

0.475227 0.716927 0.916502 1.01196 0.972951 0.841535 0.667824 0.448734 0.156641 -0.194112 -0.533587 -0.784589 -0.913054 -0.935 -0.887409 -0.797181 -0.6704 -0.500925 -0.284333 -0.0281875 0.248781 0.516507 0.748438 0.911862 0.995379 0.979533 0.871639 0.680593 0.416958 0.120288 -0.19093 -0.489911 -0.729424 -0.901629 -0.99641 -0.979273 -0.863163 -0.682332 -0.428669 -0.111393 0.203633 

0.449412 0.694653 0.90123 1.00846 0.981011 0.85658 0.687237 0.473928 0.18849 -0.159544 -0.503621 -0.765003 -0.905001 -0.935934 -0.894087 -0.807849 -0.685 -0.519992 -0.307772 -0.0547391 0.2215 0.491345 0.728328 0.899116 0.991498 0.98526 0.88617 0.702964 0.444808 0.150609 -0.160359 -0.462689 -0.708502 -0.887892 -0.991968 -0.98544 -0.877686 -0.703692 -0.456898 -0.143019 0.174085 

0.423234 0.671868 0.885043 1.0038 0.98812 0.871044 0.70615 0.498505 0.219851 -0.124919 -0.472935 -0.744327 -0.895909 -0.936116 -0.900269 -0.81812 -0.699182 -0.538618 -0.330831 -0.0810867 0.194164 0.465839 0.707608 0.885565 0.986698 0.990062 0.899864 0.724658 0.472246 0.180784 -0.129651 -0.434999 -0.68691 -0.873343 -0.986538 -0.990648 -0.891443 -0.724368 -0.484596 -0.174552 0.144254 

0.396701 0.648601 0.867974 0.997976 0.994251 0.884903 0.724563 0.522465 0.250691 -0.0902959 -0.441581 -0.722579 -0.885762 -0.935518 -0.905937 -0.827991 -0.712949 -0.556799 -0.353497 -0.107209 0.1668 0.440018 0.686303 0.871226 0.980984 0.993936 0.912709 0.745653 0.499244 0.210784 -0.0988365 -0.406869 -0.664665 -0.857995 -0.980127 -0.994886 -0.904417 -0.744347 -0.511736 -0.205951 0.114166 

0.369826 0.624874 0.850058 0.990994 0.999377 0.898133 0.742476 0.54581 0.280983 -0.0557338 -0.409616 -0.699781 -0.874548 -0.934112 -0.911072 -0.837455 -0.726303 -0.574536 -0.375762 -0.133085 0.139435 0.413908 0.664436 0.856117 0.974365 0.996878 0.924694 0.765929 0.525777 0.240582 -0.0679459 -0.378326 -0.641787 -0.841866 -0.972745 -0.998146 -0.916596 -0.763618 -0.53829 -0.237174 0.0838455 

0.34262 0.600714 0.831331 0.982865 1.00347 0.910706 0.759887 0.568544 0.310701 -0.0212897 -0.377095 -0.675958 -0.862256 -0.931873 -0.915652 -0.846505 -0.739246 -0.591828 -0.397615 -0.158696 0.112095 0.387538 0.642031 0.840253 0.966848 0.998888 0.935809 0.785468 0.551819 0.270152 -0.0370098 -0.3494 -0.618293 -0.824972 -0.964404 -1.00042 -0.927965 -0.782172 -0.564233 -0.268181 0.0533203 

0.315094 0.576141 0.811828 0.973603 1.00651 0.922594 0.776793 0.590671 0.339822 0.0129811 -0.344077 -0.651137 -0.848877 -0.928774 -0.919656 -0.855135 -0.751779 -0.608675 -0.419048 -0.184022 0.0848064 0.360936 0.619114 0.823654 0.958443 0.999965 0.946044 0.804251 0.577345 0.299466 -0.00605834 -0.320118 -0.594203 -0.80733 -0.955115 -1.0017 -0.938511 -0.799997 -0.589542 -0.298932 0.0226192 

0.287261 0.551177 0.791585 0.963225 1.00848 0.933771 0.793187 0.612196 0.368326 0.0470249 -0.310621 -0.62535 -0.834406 -0.92479 -0.923061 -0.863335 -0.763903 -0.625079 -0.440054 -0.209046 0.057595 0.334131 0.59571 0.806339 0.949162 1.00011 0.95539 0.82226 0.60233 0.328497 0.0248782 -0.290511 -0.569538 -0.788958 -0.94489 -1.00198 -0.948219 -0.817086 -0.614194 -0.329385 -0.0082275 

0.259133 0.525843 0.770639 0.951748 1.00935 0.944206 0.809064 0.633124 0.396198 0.0807905 -0.276787 -0.598632 -0.81884 -0.919897 -0.925843 -0.871094 -0.775619 -0.641041 -0.460626 -0.23375 0.0304856 0.307151 0.571845 0.788327 0.939014 0.999318 0.96384 0.839479 0.626748 0.357221 0.0557697 -0.260608 -0.544317 -0.769873 -0.933745 -1.00126 -0.957077 -0.833429 -0.63817 -0.359502 -0.0391882 

0.230723 0.500159 0.749025 0.939195 1.00912 0.953871 0.824414 0.653463 0.423422 0.114229 -0.242638 -0.571022 -0.802181 -0.914071 -0.92798 -0.878402 -0.786926 -0.656561 -0.480758 -0.258119 0.00350272 0.280023 0.547545 0.76964 0.928012 0.997598 0.971388 0.855892 0.650577 0.38561 0.0865866 -0.230441 -0.518563 -0.750093 -0.921694 -0.999534 -0.965071 -0.849016 -0.661449 -0.389243 -0.0702299 

0.202046 0.474141 0.72678 0.925589 1.00776 0.962735 0.839227 0.673217 0.449988 0.147294 -0.208233 -0.542558 -0.784432 -0.907291 -0.929446 -0.885245 -0.797823 -0.671642 -0.500446 -0.282137 -0.0233299 0.252776 0.522837 0.750298 0.91617 0.99495 0.978027 0.871484 0.673793 0.41364 0.117299 -0.200039 -0.492298 -0.729637 -0.908753 -0.996803 -0.972189 -0.86384 -0.684015 -0.41857 -0.101318 

0.173117 0.447807 0.703938 0.910957 1.00526 0.970769 0.85349 0.692393 0.475887 0.17994 -0.173634 -0.513286 -0.765601 -0.899537 -0.930217 -0.89161 -0.80831 -0.686286 -0.519685 -0.30579 -0.049989 0.225437 0.497748 0.730323 0.903502 0.991379 0.983752 0.886239 0.696373 0.441283 0.147878 -0.169433 -0.465543 -0.708523 -0.894939 -0.993068 -0.978419 -0.877891 -0.70585 -0.447445 -0.132419 

0.143952 0.421173 0.680535 0.895327 1.00163 0.977943 0.86719 0.710996 0.501112 0.212128 -0.138903 -0.483251 -0.745696 -0.89079 -0.930267 -0.897482 -0.818382 -0.700495 -0.538474 -0.329065 -0.0764522 0.198035 0.472305 0.709738 0.890023 0.986889 0.988559 0.900147 0.718294 0.468517 0.178294 -0.138656 -0.438323 -0.68677 -0.880271 -0.98833 -0.983748 -0.891162 -0.726941 -0.475834 -0.163494 

0.114567 0.394254 0.656605 0.87873 0.996847 0.98423 0.88031 0.729031 0.52566 0.243819 -0.104101 -0.452502 -0.724733 -0.881033 -0.929571 -0.902845 -0.828038 -0.714269 -0.556808 -0.35195 -0.102698 0.170596 0.446536 0.688567 0.875748 0.981486 0.992446 0.913193 0.739536 0.495314 0.208519 -0.107739 -0.410661 -0.664398 -0.864765 -0.982593 -0.988167 -0.903644 -0.747273 -0.5037 -0.194508 

0.0849821 0.367066 0.63218 0.861198 0.990918 0.9896 0.892833 0.746503 0.549528 0.274977 -0.069287 -0.421089 -0.702726 -0.870253 -0.928104 -0.907681 -0.837272 -0.727612 -0.574687 -0.374434 -0.128705 0.143147 0.420467 0.666832 0.860695 0.975177 0.99541 0.925366 0.760077 0.521652 0.238525 -0.0767133 -0.382582 -0.641426 -0.848443 -0.975862 -0.991664 -0.915329 -0.766834 -0.53101 -0.225422 

0.0552161 0.339621 0.607293 0.842765 0.983843 0.994027 0.90474 0.763415 0.572717 0.305569 -0.0345214 -0.389067 -0.679698 -0.858435 -0.925841 -0.911972 -0.846079 -0.740525 -0.59211 -0.396506 -0.154453 0.115716 0.394128 0.644558 0.844881 0.96797 0.997449 0.936657 0.779897 0.547506 0.268282 -0.0456111 -0.354112 -0.617874 -0.831323 -0.968143 -0.99423 -0.92621 -0.785613 -0.557732 -0.256197 

0.0252902 0.311934 0.581975 0.823465 0.975625 0.997485 0.916011 0.77977 0.595227 0.335566 0.00013807 -0.356488 -0.65567 -0.845571 -0.922758 -0.9157 -0.854453 -0.753009 -0.609075 -0.418156 -0.179924 0.0883283 0.367546 0.62177 0.828324 0.959874 0.998563 0.947054 0.798977 0.572853 0.297765 -0.0144645 -0.325275 -0.593762 -0.813427 -0.959444 -0.995856 -0.936278 -0.803601 -0.583834 -0.286795 

-0.0047735 0.284016 0.556255 0.803336 0.966273 0.999949 0.926623 0.795567 0.617062 0.364942 0.0346348 -0.323411 -0.630669 -0.831654 -0.91883 -0.918845 -0.862387 -0.765066 -0.625582 -0.439377 -0.205098 0.0610096 0.340749 0.598493 0.811044 0.950897 0.998753 0.956551 0.817297 0.597669 0.326945 0.0166946 -0.296098 -0.56911 -0.794774 -0.949774 -0.996534 -0.945525 -0.820787 -0.609288 -0.317176 

-0.0349512 0.255882 0.530163 0.782415 0.955796 1.0014 0.936553 0.810808 0.638225 0.393672 0.0689137 -0.289892 -0.604726 -0.816676 -0.914035 -0.921385 -0.869871 -0.776695 -0.641633 -0.460161 -0.229958 0.0337854 0.313765 0.574752 0.79306 0.941052 0.99802 0.965138 0.834839 0.621931 0.355796 0.0478341 -0.266609 -0.54394 -0.775388 -0.939145 -0.996258 -0.953944 -0.837165 -0.634066 -0.347301 

-0.0652179 0.227544 0.503727 0.760739 0.944208 1.00181 0.945778 0.82549 0.658722 0.421736 0.102922 -0.25599 -0.577872 -0.800638 -0.908349 -0.923298 -0.876897 -0.787898 -0.657228 -0.480501 -0.254488 0.00668043 0.286622 0.550574 0.774394 0.930349 0.996367 0.97281 0.851586 0.645617 0.384292 0.0789219 -0.236835 -0.518271 -0.755289 -0.927568 -0.995021 -0.961526 -0.852728 -0.658141 -0.377129 

-0.0955473 0.199013 0.476971 0.738347 0.931525 1.00116 0.954273 0.839611 0.678558 0.449117 0.136607 -0.221765 -0.550144 -0.783539 -0.901752 -0.924564 -0.883454 -0.798673 -0.672367 -0.500392 -0.278671 -0.0202812 0.259347 0.525984 0.755066 0.918801 0.993796 0.979561 0.867522 0.668705 0.412406 0.109926 -0.206804 -0.492126 -0.734501 -0.915058 -0.992818 -0.968264 -0.867468 -0.681488 -0.40662 

-0.125912 0.170305 0.449922 0.715278 0.917767 0.99944 0.962011 0.853165 0.697741 0.4758 0.169922 -0.187277 -0.52158 -0.765383 -0.894224 -0.92516 -0.889531 -0.80902 -0.687053 -0.519828 -0.302493 -0.0470759 0.231969 0.501011 0.735098 0.90642 0.990311 0.985386 0.882631 0.691173 0.440114 0.140816 -0.176544 -0.465527 -0.713045 -0.901628 -0.989646 -0.974151 -0.881381 -0.704086 -0.435736 

-0.156282 0.14143 0.422602 0.691571 0.902955 0.996632 0.968968 0.866145 0.716277 0.501771 0.202819 -0.152588 -0.492223 -0.746176 -0.885746 -0.925061 -0.895113 -0.818936 -0.701286 -0.538805 -0.325941 -0.0736809 0.204515 0.47568 0.714514 0.893223 0.985919 0.99028 0.896898 0.713001 0.467391 0.171558 -0.146085 -0.438494 -0.690945 -0.887295 -0.985502 -0.979178 -0.894461 -0.725913 -0.464438 

-0.186627 0.112403 0.395033 0.667266 0.887113 0.992725 0.975116 0.878545 0.734172 0.527021 0.235255 -0.117757 -0.462115 -0.725927 -0.8763 -0.924247 -0.900188 -0.82842 -0.715069 -0.557321 -0.349 -0.100074 0.177012 0.450018 0.693336 0.879222 0.980625 0.994243 0.91031 0.734168 0.494212 0.202123 -0.115456 -0.411052 -0.668225 -0.872076 -0.980385 -0.983338 -0.906706 -0.74695 -0.492686 

-0.216917 0.083238 0.367238 0.6424 0.870269 0.987708 0.980431 0.890353 0.751435 0.551544 0.267188 -0.082845 -0.431304 -0.704651 -0.865872 -0.922692 -0.904741 -0.837468 -0.728402 -0.575371 -0.371659 -0.126234 0.149487 0.424053 0.671589 0.864435 0.974435 0.997271 0.922852 0.754654 0.520554 0.232479 -0.0846874 -0.383221 -0.644907 -0.855991 -0.974296 -0.986624 -0.918109 -0.767178 -0.520443 

-0.247118 0.0539495 0.339236 0.617012 0.852452 0.981577 0.984884 0.901558 0.76807 0.575334 0.298579 -0.0479126 -0.399838 -0.682362 -0.854448 -0.920375 -0.908756 -0.846076 -0.741287 -0.592955 -0.393907 -0.15214 0.121966 0.397813 0.649296 0.848879 0.967357 0.999364 0.934514 0.774439 0.546393 0.262595 -0.0538093 -0.355026 -0.621015 -0.839057 -0.967234 -0.989029 -0.928669 -0.786583 -0.547672 

-0.277196 0.0245529 0.311045 0.591139 0.833692 0.974326 0.988452 0.912148 0.784085 0.598389 0.329393 -0.0130189 -0.367768 -0.659079 -0.842017 -0.917272 -0.912215 -0.854239 -0.753725 -0.61007 -0.415735 -0.177772 0.0944776 0.371325 0.626483 0.83257 0.9594 1.00052 0.945284 0.793505 0.571706 0.292443 -0.0228522 -0.326489 -0.596574 -0.821297 -0.959204 -0.990546 -0.938383 -0.805148 -0.574337 

-0.307118 -0.00493548 0.282684 0.564819 0.814023 0.965955 0.991109 0.922108 0.799485 0.620707 0.359596 0.0217774 -0.335148 -0.634825 -0.828569 -0.91336 -0.915102 -0.861951 -0.765718 -0.626716 -0.437131 -0.203111 0.0670457 0.344616 0.603176 0.815528 0.950574 1.00075 0.955152 0.811834 0.596472 0.32199 0.00815264 -0.297636 -0.571607 -0.802731 -0.950208 -0.99117 -0.947248 -0.822863 -0.600403 

-0.336847 -0.0344984 0.254169 0.538088 0.79348 0.956467 0.99283 0.931421 0.814274 0.64229 0.389159 0.0564191 -0.302032 -0.609624 -0.814097 -0.908618 -0.917398 -0.869205 -0.777266 -0.642893 -0.458089 -0.228139 0.0396965 0.317714 0.579399 0.797772 0.940889 1.00004 0.964109 0.829408 0.620668 0.351209 0.0391742 -0.268489 -0.546138 -0.783383 -0.940254 -0.990893 -0.955261 -0.839715 -0.625836 

-0.366347 -0.0641175 0.225516 0.51098 0.772099 0.945867 0.993594 0.94007 0.828457 0.66314 0.418054 0.0908501 -0.268475 -0.583505 -0.798598 -0.903025 -0.919084 -0.875993 -0.788369 -0.658599 -0.478601 -0.252839 0.0124547 0.290648 0.55518 0.779321 0.930356 0.998401 0.972147 0.84621 0.644275 0.380071 0.0701809 -0.239073 -0.520191 -0.763275 -0.929347 -0.989712 -0.96242 -0.855694 -0.650604 

-0.395581 -0.0937737 0.19674 0.483529 0.749918 0.934162 0.993378 0.948036 0.842035 0.683261 0.446258 0.125016 -0.234536 -0.5565 -0.782068 -0.896559 -0.92014 -0.882306 -0.799028 -0.673837 -0.498661 -0.277194 -0.0146551 0.263443 0.530544 0.760197 0.918987 0.99584 0.979258 0.862223 0.66727 0.408548 0.101141 -0.209414 -0.493791 -0.742433 -0.917497 -0.98762 -0.968724 -0.870793 -0.674676 

-0.424513 -0.123446 0.167856 0.455768 0.726975 0.921363 0.992161 0.9553 0.855009 0.702659 0.473749 0.158864 -0.200272 -0.528641 -0.76451 -0.8892 -0.920546 -0.888134 -0.809242 -0.688605 -0.518261 -0.301189 -0.0416092 0.236128 0.505519 0.74042 0.906795 0.99236 0.985437 0.877433 0.689635 0.436611 0.132024 -0.179536 -0.466961 -0.720879 -0.904713 -0.984613 -0.97417 -0.885005 -0.698021 

-0.453104 -0.153113 0.138879 0.427728 0.703311 0.907486 0.989926 0.961841 0.867381 0.721339 0.500509 0.192344 -0.165743 -0.499967 -0.745926 -0.880932 -0.92028 -0.893467 -0.81901 -0.702906 -0.537399 -0.324809 -0.0683842 0.20873 0.480132 0.720014 0.893794 0.987965 0.990678 0.891824 0.71135 0.464233 0.162796 -0.149466 -0.439726 -0.698641 -0.891006 -0.980689 -0.978757 -0.898323 -0.720613 

-0.481316 -0.182753 0.109821 0.399441 0.678966 0.892547 0.986656 0.967636 0.879148 0.739308 0.526522 0.225407 -0.131008 -0.470516 -0.726323 -0.871736 -0.919323 -0.898292 -0.82833 -0.716739 -0.556068 -0.34804 -0.0949577 0.181276 0.45441 0.699 0.879998 0.982664 0.994977 0.905383 0.732397 0.491389 0.193427 -0.11923 -0.412111 -0.675745 -0.876391 -0.975843 -0.982483 -0.910744 -0.742425 

-0.509113 -0.212339 0.0806965 0.370933 0.653981 0.876565 0.982335 0.972664 0.890308 0.756575 0.551776 0.258007 -0.0961276 -0.440332 -0.70571 -0.861597 -0.917652 -0.902597 -0.837199 -0.730107 -0.574266 -0.370871 -0.121308 0.153792 0.428381 0.677403 0.865424 0.976463 0.998331 0.918095 0.752756 0.518053 0.223884 -0.0888543 -0.384139 -0.652216 -0.86088 -0.970075 -0.985346 -0.922264 -0.763433 

-0.536455 -0.241848 0.0515189 0.342233 0.628397 0.859563 0.976953 0.976902 0.900856 0.773146 0.576259 0.2901 -0.061161 -0.409459 -0.684099 -0.850501 -0.915246 -0.906368 -0.845615 -0.74301 -0.59199 -0.393288 -0.147413 0.126305 0.402073 0.655246 0.850086 0.969372 1.00074 0.929948 0.772411 0.544199 0.254137 -0.0583658 -0.355835 -0.628082 -0.844489 -0.963382 -0.987344 -0.932881 -0.783613 

-0.563306 -0.271253 0.0223015 0.313366 0.602256 0.841567 0.970499 0.980327 0.910785 0.78903 0.599965 0.321646 -0.0261682 -0.377943 -0.661506 -0.838435 -0.912085 -0.90959 -0.853574 -0.755449 -0.609238 -0.415281 -0.173254 0.0988406 0.375513 0.632553 0.834002 0.961399 1.0022 0.940931 0.791345 0.569804 0.284153 -0.0277921 -0.327223 -0.60337 -0.827237 -0.955764 -0.988477 -0.942593 -0.802945 

-0.589628 -0.300526 -0.00694188 0.284357 0.575598 0.822603 0.962966 0.982916 0.920089 0.804235 0.622888 0.352605 0.00879142 -0.345835 -0.637948 -0.82539 -0.908146 -0.912248 -0.86107 -0.767425 -0.626007 -0.43684 -0.198809 0.0714252 0.348729 0.609351 0.817189 0.952557 1.00271 0.951032 0.809542 0.594843 0.313901 0.0028393 -0.298328 -0.578108 -0.80914 -0.947223 -0.988743 -0.951401 -0.821409 

-0.615386 -0.329638 -0.0361975 0.25523 0.548464 0.802701 0.954348 0.984646 0.928758 0.818767 0.645025 0.382942 0.0436594 -0.313186 -0.613447 -0.811356 -0.90341 -0.914326 -0.868099 -0.77894 -0.642298 -0.457955 -0.224062 0.0440836 0.321749 0.585664 0.799666 0.942854 1.00228 0.960241 0.826985 0.619294 0.343351 0.0335002 -0.269173 -0.552323 -0.79022 -0.93776 -0.98814 -0.959305 -0.838989 

-0.640543 -0.358559 -0.065451 0.226006 0.520896 0.781894 0.944644 0.985494 0.936781 0.832635 0.666374 0.412624 0.078378 -0.280048 -0.588027 -0.796329 -0.897856 -0.915805 -0.874654 -0.789992 -0.658109 -0.478619 -0.248992 0.0168407 0.294602 0.561519 0.781453 0.932305 1.0009 0.96855 0.843661 0.643134 0.372471 0.0641623 -0.239785 -0.526045 -0.770496 -0.927378 -0.986666 -0.966305 -0.855668 

-0.665064 -0.387258 -0.0946875 0.196706 0.492932 0.760215 0.933854 0.98544 0.944147 0.845845 0.686937 0.441622 0.112891 -0.246475 -0.561715 -0.780304 -0.891464 -0.91667 -0.880727 -0.800583 -0.673439 -0.498824 -0.273584 -0.0102794 0.267314 0.536941 0.762568 0.920921 0.998586 0.975949 0.859553 0.666343 0.401231 0.0947969 -0.210186 -0.4993 -0.749992 -0.916082 -0.984322 -0.972403 -0.871434 

-0.688916 -0.415703 -0.123892 0.167349 0.464612 0.737701 0.921983 0.984461 0.950842 0.858402 0.706717 0.469907 0.147142 -0.212524 -0.53454 -0.763279 -0.884216 -0.916901 -0.88631 -0.810713 -0.68829 -0.518564 -0.297821 -0.0372528 0.239913 0.511958 0.743033 0.908717 0.995333 0.982432 0.874649 0.6889 0.429602 0.125375 -0.180402 -0.472118 -0.72873 -0.903876 -0.981105 -0.977602 -0.886274 

-0.712065 -0.443861 -0.153047 0.137954 0.435973 0.714388 0.909036 0.982537 0.95685 0.870312 0.725716 0.497456 0.181079 -0.178252 -0.506536 -0.745256 -0.876094 -0.91648 -0.891395 -0.82038 -0.702661 -0.537832 -0.321688 -0.0640565 0.212427 0.486598 0.722868 0.895706 0.99115 0.987992 0.888936 0.710784 0.457554 0.155867 -0.150457 -0.444526 -0.706734 -0.890768 -0.977015 -0.981905 -0.900178 

-0.73448 -0.471699 -0.182137 0.108538 0.407054 0.690316 0.895023 0.979651 0.962157 0.881579 0.74394 0.524247 0.21465 -0.143716 -0.477738 -0.726239 -0.86708 -0.915388 -0.89597 -0.829583 -0.716553 -0.556625 -0.345169 -0.090668 0.184882 0.460886 0.702095 0.881905 0.986043 0.992623 0.902401 0.731978 0.485057 0.186245 -0.120376 -0.416553 -0.684031 -0.876765 -0.972051 -0.985314 -0.913138 

-0.756132 -0.499182 -0.211143 0.0791177 0.377889 0.665525 0.879956 0.975783 0.966746 0.892204 0.761397 0.550262 0.247804 -0.108975 -0.448184 -0.706233 -0.85716 -0.913604 -0.900025 -0.83832 -0.729966 -0.574936 -0.368252 -0.117065 0.157307 0.434851 0.680737 0.867329 0.980019 0.996321 0.915032 0.752463 0.512085 0.216477 -0.0901837 -0.388226 -0.660647 -0.861877 -0.966214 -0.987832 -0.925147 

-0.77699 -0.526276 -0.240047 0.0497086 0.348512 0.640056 0.86385 0.970919 0.970597 0.902191 0.778092 0.575485 0.280495 -0.0740875 -0.417915 -0.685249 -0.846319 -0.911111 -0.903549 -0.84659 -0.742902 -0.592764 -0.390923 -0.143227 0.129727 0.408522 0.658817 0.851996 0.973087 0.999083 0.926819 0.772221 0.538608 0.246536 -0.0599054 -0.359575 -0.636609 -0.846114 -0.959502 -0.989464 -0.936201 

-0.797029 -0.552946 -0.268829 0.0203259 0.318959 0.61395 0.846723 0.965045 0.973693 0.911537 0.794035 0.599903 0.312675 -0.0391133 -0.386975 -0.663298 -0.834545 -0.907888 -0.906528 -0.854389 -0.755361 -0.610104 -0.41317 -0.169133 0.102169 0.381925 0.636358 0.835922 0.965258 1.0009 0.93775 0.791236 0.5646 0.276389 -0.029566 -0.330627 -0.611944 -0.829488 -0.951918 -0.990213 -0.946295 

-0.816222 -0.579156 -0.297467 -0.00901608 0.289259 0.587251 0.828596 0.958148 0.976014 0.920244 0.809233 0.623506 0.344303 -0.00411112 -0.355408 -0.640394 -0.821826 -0.903915 -0.908949 -0.861713 -0.767344 -0.626955 -0.434983 -0.194764 0.074658 0.355088 0.613383 0.819126 0.95654 1.00179 0.947817 0.809493 0.590034 0.306009 0.000809247 -0.301409 -0.586682 -0.812014 -0.943461 -0.990083 -0.955427 

-0.834546 -0.60487 -0.32594 -0.0383033 0.259445 0.560001 0.809492 0.950219 0.977541 0.928306 0.823697 0.646285 0.375338 0.03086 -0.323262 -0.616555 -0.808153 -0.899174 -0.910798 -0.868557 -0.778852 -0.643315 -0.456351 -0.2201 0.0472204 0.328042 0.589919 0.801626 0.946946 1.00173 0.95701 0.826977 0.614885 0.335364 0.0311951 -0.27195 -0.560852 -0.793706 -0.934133 -0.989078 -0.963597 

-0.85198 -0.630054 -0.354225 -0.067522 0.229543 0.532243 0.789437 0.941249 0.978254 0.935722 0.837434 0.668235 0.405742 0.0657418 -0.290587 -0.591802 -0.793519 -0.893644 -0.912059 -0.874917 -0.789885 -0.659183 -0.477266 -0.245123 0.0198808 0.300812 0.565989 0.783443 0.936488 1.00073 0.965321 0.843673 0.639129 0.364426 0.0615659 -0.242276 -0.534484 -0.77458 -0.923937 -0.987203 -0.970806 

-0.868502 -0.654673 -0.382297 -0.0966586 0.199583 0.504021 0.76846 0.931234 0.978133 0.942484 0.850454 0.689353 0.435479 0.100477 -0.257434 -0.566158 -0.777919 -0.887309 -0.912718 -0.880787 -0.800443 -0.674558 -0.497718 -0.269816 -0.0073363 0.273428 0.541619 0.764596 0.92518 0.998786 0.972742 0.859568 0.662741 0.393163 0.0918961 -0.212415 -0.507608 -0.754653 -0.912876 -0.984461 -0.977055 

-0.884094 -0.67869 -0.410132 -0.1257 0.16959 0.475377 0.746591 0.920171 0.977158 0.948586 0.862765 0.709638 0.464517 0.135008 -0.223857 -0.539649 -0.761349 -0.880149 -0.912757 -0.886158 -0.810527 -0.68944 -0.517699 -0.294163 -0.0344071 0.245917 0.516834 0.745106 0.913036 0.995909 0.979267 0.87465 0.685697 0.421547 0.12216 -0.182395 -0.480256 -0.733946 -0.900952 -0.980857 -0.982347 

-0.898742 -0.702073 -0.437702 -0.154631 0.139589 0.446354 0.723863 0.90806 0.975309 0.954019 0.874376 0.72909 0.492826 0.16928 -0.189909 -0.512304 -0.74381 -0.872148 -0.912161 -0.891025 -0.820136 -0.703828 -0.537204 -0.318146 -0.0613082 0.218308 0.491661 0.724994 0.90007 0.9921 0.98489 0.888907 0.707976 0.449547 0.152331 -0.15224 -0.452457 -0.712478 -0.888171 -0.976395 -0.986687 

-0.912429 -0.724786 -0.46498 -0.18344 0.109603 0.416994 0.700311 0.894903 0.972569 0.958774 0.885294 0.747713 0.520381 0.203238 -0.155645 -0.484154 -0.725302 -0.863289 -0.910911 -0.895377 -0.829268 -0.717723 -0.556226 -0.341752 -0.088017 0.190628 0.466127 0.704282 0.8863 0.987363 0.989606 0.902328 0.729557 0.477136 0.182384 -0.121979 -0.424244 -0.69027 -0.874538 -0.97108 -0.990078 

-0.925143 -0.746798 -0.491939 -0.212112 0.0796525 0.387338 0.675972 0.880706 0.968918 0.96284 0.895526 0.76551 0.547155 0.236831 -0.121124 -0.455235 -0.705829 -0.853556 -0.908991 -0.899206 -0.837924 -0.731125 -0.57476 -0.364966 -0.114512 0.162905 0.440258 0.682993 0.871741 0.981704 0.99341 0.914903 0.750418 0.504283 0.212291 -0.0916374 -0.395649 -0.667347 -0.860059 -0.964915 -0.992528 

-0.936875 -0.768075 -0.518548 -0.240632 0.0497596 0.357427 0.650884 0.865476 0.96434 0.966203 0.905079 0.782487 0.573129 0.270007 -0.0864015 -0.425582 -0.685399 -0.842937 -0.906382 -0.902502 -0.8461 -0.744035 -0.592801 -0.387775 -0.14077 0.135167 0.41408 0.661149 0.856412 0.975129 0.996299 0.926622 0.770541 0.53096 0.242028 -0.0612408 -0.366702 -0.643731 -0.844741 -0.957905 -0.994041 

-0.947615 -0.788588 -0.544779 -0.268985 0.0199431 0.3273 0.625088 0.849224 0.958818 0.968851 0.913958 0.79865 0.598285 0.302717 -0.0515359 -0.395235 -0.66402 -0.831417 -0.903067 -0.905254 -0.853795 -0.756454 -0.610345 -0.410167 -0.166773 0.107439 0.387622 0.638773 0.84033 0.967647 0.99827 0.937478 0.789906 0.557139 0.271566 -0.0308153 -0.337435 -0.619449 -0.828593 -0.950055 -0.994626 

-0.957357 -0.808306 -0.570599 -0.297155 -0.00977901 0.296995 0.598623 0.831965 0.952339 0.97077 0.922166 0.814009 0.622605 0.334914 -0.0165856 -0.364236 -0.641704 -0.818986 -0.899028 -0.907449 -0.861006 -0.768383 -0.627389 -0.432129 -0.192499 0.079749 0.36091 0.61589 0.823515 0.959266 0.999322 0.947462 0.808497 0.582792 0.30088 -0.000386438 -0.30788 -0.594527 -0.811624 -0.941369 -0.99429 

-0.966096 -0.8272 -0.595978 -0.325127 -0.0393895 0.266549 0.571533 0.813714 0.944889 0.971943 0.929706 0.828571 0.646079 0.366555 0.0183912 -0.33263 -0.618465 -0.805634 -0.894247 -0.909076 -0.867728 -0.779822 -0.64393 -0.453652 -0.21793 0.0521232 0.333972 0.592523 0.805987 0.949997 0.999452 0.956568 0.826297 0.607892 0.329942 0.0300204 -0.278069 -0.568992 -0.793845 -0.931852 -0.993042 

-0.973828 -0.845245 -0.620883 -0.352882 -0.0688723 0.235998 0.543861 0.794492 0.936457 0.972356 0.93658 0.842345 0.668694 0.397596 0.0533362 -0.300461 -0.594322 -0.791352 -0.888706 -0.910121 -0.873958 -0.790772 -0.659967 -0.474725 -0.243047 0.024587 0.306835 0.568697 0.787766 0.939851 0.998662 0.964789 0.84329 0.632412 0.358725 0.0603801 -0.248032 -0.542873 -0.775268 -0.921508 -0.990889 

-0.980553 -0.862413 -0.645283 -0.380402 -0.0982119 0.205376 0.51565 0.774318 0.927033 0.971991 0.942788 0.855342 0.690444 0.427998 0.0881913 -0.267778 -0.569293 -0.776134 -0.882388 -0.91057 -0.879691 -0.801234 -0.675497 -0.495339 -0.267833 -0.00283399 0.279528 0.544436 0.768873 0.92884 0.996952 0.972119 0.859462 0.656326 0.387204 0.0906677 -0.217802 -0.516199 -0.755906 -0.910343 -0.987841 

-0.98627 -0.878682 -0.669145 -0.407669 -0.127394 0.174717 0.486945 0.753219 0.916611 0.970833 0.94833 0.867572 0.711324 0.457724 0.122899 -0.234632 -0.543402 -0.759976 -0.875276 -0.91041 -0.88492 -0.811207 -0.690519 -0.515485 -0.29227 -0.0301152 0.252077 0.519767 0.749331 0.916977 0.994323 0.978555 0.8748 0.679609 0.41535 0.120858 -0.187408 -0.489 -0.735772 -0.898361 -0.983906 

-0.990981 -0.894028 -0.692436 -0.434663 -0.156404 0.14405 0.45779 0.731222 0.905185 0.968863 0.953201 0.879045 0.73133 0.486739 0.157404 -0.201073 -0.516674 -0.742876 -0.867353 -0.909625 -0.889639 -0.820692 -0.705034 -0.535157 -0.316344 -0.0572324 0.224511 0.494713 0.729161 0.904276 0.990779 0.984091 0.88929 0.702236 0.443136 0.150927 -0.156882 -0.461308 -0.714883 -0.885569 -0.979095 

-0.99469 -0.908432 -0.715123 -0.461362 -0.185229 0.113407 0.42823 0.708355 0.892751 0.966066 0.9574 0.889771 0.75046 0.515012 0.191648 -0.167155 -0.489137 -0.724834 -0.858605 -0.908199 -0.89384 -0.829689 -0.71904 -0.554346 -0.340039 -0.084162 0.196856 0.469302 0.708386 0.890752 0.986322 0.988725 0.902921 0.724183 0.470536 0.18085 -0.126253 -0.433154 -0.693256 -0.871973 -0.973416 

-0.997402 -0.921875 -0.737175 -0.487745 -0.213855 0.082815 0.398309 0.68465 0.87931 0.962423 0.96092 0.89976 0.768718 0.542513 0.22558 -0.132931 -0.460821 -0.705851 -0.849016 -0.906118 -0.897517 -0.838196 -0.732536 -0.573048 -0.36334 -0.110881 0.16914 0.443559 0.68703 0.876421 0.980957 0.992454 0.915684 0.745428 0.497522 0.210603 -0.0955521 -0.404569 -0.670908 -0.857578 -0.966879 

-0.999122 -0.934341 -0.758558 -0.513788 -0.242269 0.052301 0.368072 0.660142 0.864864 0.95792 0.963755 0.90902 0.786104 0.569216 0.259144 -0.0984581 -0.431761 -0.685932 -0.838572 -0.903364 -0.900659 -0.846214 -0.745525 -0.591257 -0.386235 -0.137367 0.14139 0.417509 0.665116 0.8613 0.974691 0.995276 0.927567 0.765948 0.524069 0.24016 -0.0648078 -0.375588 -0.647859 -0.842393 -0.959494 

-0.999857 -0.945814 -0.77924 -0.539469 -0.270458 0.0218899 0.337561 0.634865 0.849416 0.952539 0.965897 0.917562 0.802625 0.595098 0.29229 -0.0637914 -0.401992 -0.665083 -0.827261 -0.899922 -0.903258 -0.853739 -0.758005 -0.608968 -0.40871 -0.163599 0.113633 0.391181 0.64267 0.845408 0.967528 0.997191 0.938564 0.785722 0.550148 0.269499 -0.0340495 -0.346243 -0.62413 -0.826424 -0.95127 

-0.999617 -0.956282 -0.799191 -0.564762 -0.298409 -0.00839438 0.30682 0.608859 0.832976 0.946266 0.967337 0.925392 0.818285 0.620138 0.324968 -0.0289879 -0.371551 -0.643315 -0.815072 -0.895776 -0.905303 -0.860771 -0.769977 -0.626176 -0.430754 -0.189556 0.0858952 0.364598 0.619714 0.828762 0.959476 0.998198 0.948667 0.804729 0.575734 0.298594 -0.00330559 -0.316568 -0.599743 -0.80968 -0.942218 

-0.99841 -0.965735 -0.818381 -0.589641 -0.326109 -0.0385299 0.275892 0.582161 0.815551 0.939087 0.968066 0.932519 0.833092 0.644319 0.35713 0.00589506 -0.340481 -0.620639 -0.801993 -0.890908 -0.906783 -0.867306 -0.781441 -0.642879 -0.452357 -0.215217 0.0582037 0.33779 0.596276 0.811382 0.950545 0.998297 0.957868 0.82295 0.6008 0.327422 0.0273957 -0.286595 -0.574721 -0.792169 -0.932345 

-0.996247 -0.974163 -0.836778 -0.614081 -0.353545 -0.0684957 0.244817 0.554814 0.797156 0.930988 0.968072 0.938949 0.847056 0.667625 0.388731 0.0407999 -0.308823 -0.59707 -0.788018 -0.885303 -0.907686 -0.873341 -0.792399 -0.659074 -0.473507 -0.240563 0.0305843 0.31078 0.572379 0.793289 0.940742 0.99749 0.966163 0.840367 0.62532 0.355959 0.0580267 -0.25636 -0.549089 -0.773902 -0.921662 

-0.993139 -0.98156 -0.854356 -0.638054 -0.380701 -0.0982724 0.213634 0.526859 0.777804 0.921959 0.967343 0.944685 0.860184 0.690044 0.419727 0.0756692 -0.276623 -0.572624 -0.773138 -0.878946 -0.908001 -0.878872 -0.802851 -0.674757 -0.494195 -0.265577 0.00306231 0.283598 0.548051 0.774503 0.930078 0.995778 0.973547 0.856963 0.649269 0.384181 0.0885604 -0.225896 -0.522873 -0.754888 -0.910179 

-0.989097 -0.987921 -0.871086 -0.661531 -0.407565 -0.127842 0.182385 0.498339 0.757515 0.911988 0.965866 0.949734 0.872488 0.711566 0.450077 0.110446 -0.243927 -0.54732 -0.757348 -0.871819 -0.907714 -0.883895 -0.812796 -0.689928 -0.514414 -0.29024 -0.0243369 0.256268 0.523315 0.755048 0.918565 0.993165 0.980016 0.872722 0.672621 0.412064 0.11897 -0.195237 -0.496098 -0.735139 -0.897905 

-0.984134 -0.993243 -0.886942 -0.684485 -0.434121 -0.157187 0.151104 0.469298 0.736309 0.901068 0.963629 0.954097 0.883978 0.732184 0.479743 0.145072 -0.210784 -0.521182 -0.740645 -0.863907 -0.906811 -0.888405 -0.822236 -0.704584 -0.534155 -0.314535 -0.0515888 0.228817 0.4982 0.734944 0.906215 0.989654 0.985567 0.887627 0.695351 0.439583 0.14923 -0.164417 -0.468794 -0.714667 -0.884849 

-0.978264 -0.997525 -0.901899 -0.706887 -0.460353 -0.186291 0.119829 0.439782 0.71421 0.889191 0.960617 0.957777 0.894665 0.751892 0.508687 0.179492 -0.177244 -0.494235 -0.723028 -0.855197 -0.90528 -0.892395 -0.831169 -0.718724 -0.553412 -0.338447 -0.0786691 0.201273 0.47273 0.714216 0.89304 0.985249 0.990199 0.901666 0.717436 0.466717 0.179313 -0.133469 -0.440989 -0.693486 -0.871021 

-0.971499 -1.00077 -0.915934 -0.728706 -0.486245 -0.21514 0.0885949 0.409836 0.691242 0.876353 0.956816 0.960773 0.904561 0.770689 0.536877 0.213651 -0.143358 -0.466504 -0.704497 -0.845674 -0.903105 -0.895859 -0.839597 -0.732347 -0.572177 -0.36196 -0.105554 0.173661 0.446933 0.692887 0.879055 0.979955 0.993911 0.914826 0.738851 0.493439 0.209196 -0.102428 -0.412713 -0.671609 -0.856431 

-0.963853 -1.00298 -0.929025 -0.749915 -0.51178 -0.243719 0.0574336 0.379504 0.667435 0.862551 0.952212 0.963085 0.913677 0.788573 0.564282 0.247494 -0.109181 -0.438022 -0.685054 -0.835325 -0.900272 -0.898789 -0.847517 -0.745454 -0.590446 -0.38506 -0.132221 0.146006 0.420835 0.670982 0.864276 0.973777 0.996702 0.927095 0.759573 0.519728 0.238852 -0.0713258 -0.383997 -0.649053 -0.841088 

-0.95534 -1.00415 -0.941152 -0.770482 -0.53694 -0.272014 0.0263771 0.348833 0.642818 0.847784 0.946792 0.964711 0.922024 0.805547 0.590874 0.280968 -0.0747664 -0.408819 -0.664705 -0.824138 -0.896767 -0.901178 -0.85493 -0.758043 -0.608214 -0.407734 -0.158648 0.118337 0.394463 0.648526 0.848717 0.966723 0.998574 0.938462 0.77958 0.545559 0.268258 -0.0401958 -0.354873 -0.625833 -0.825001 

-0.945975 -1.0043 -0.952298 -0.790378 -0.561707 -0.300013 -0.00454497 0.317869 0.617426 0.832056 0.94054 0.965646 0.929614 0.821614 0.616626 0.314021 -0.0401686 -0.378931 -0.643457 -0.812101 -0.892574 -0.903016 -0.861834 -0.770114 -0.625476 -0.429969 -0.184812 0.0906768 0.367843 0.625544 0.832396 0.958799 0.999527 0.948917 0.79885 0.570909 0.29739 -0.00907039 -0.325372 -0.601968 -0.808182 

-0.935771 -1.00344 -0.962444 -0.809574 -0.58606 -0.327702 -0.0353043 0.286656 0.591292 0.81537 0.933444 0.965886 0.936455 0.836778 0.641518 0.346603 -0.00544391 -0.348396 -0.621319 -0.799204 -0.887678 -0.904295 -0.868226 -0.781667 -0.642229 -0.451754 -0.210692 0.0630524 0.341003 0.602062 0.815331 0.950014 0.999564 0.958454 0.817361 0.595754 0.326224 0.0220185 -0.295529 -0.577476 -0.79064 

-0.924744 -1.00156 -0.971578 -0.82804 -0.609979 -0.355069 -0.0658744 0.25524 0.564453 0.797732 0.92549 0.965427 0.94256 0.851047 0.665528 0.378665 0.0293515 -0.317252 -0.598304 -0.785439 -0.882064 -0.905004 -0.874105 -0.792702 -0.65847 -0.473078 -0.236269 0.0354887 0.313968 0.578107 0.797541 0.940377 0.998689 0.967064 0.835093 0.620071 0.354738 0.0530395 -0.265376 -0.552376 -0.772385 

-0.912908 -0.998683 -0.979686 -0.845747 -0.633443 -0.382103 -0.0962303 0.223664 0.536949 0.779152 0.916666 0.964259 0.947935 0.864429 0.688641 0.410162 0.0641609 -0.285541 -0.574425 -0.770798 -0.875718 -0.905133 -0.879468 -0.80322 -0.674195 -0.493931 -0.261523 0.00801049 0.286765 0.553704 0.779044 0.929897 0.996905 0.974742 0.852027 0.643837 0.382907 0.0839616 -0.234948 -0.526691 -0.753428 

-0.900277 -0.99482 -0.986758 -0.862667 -0.65643 -0.408791 -0.126348 0.191972 0.508819 0.759643 0.906961 0.962376 0.952591 0.876932 0.710841 0.441048 0.0989275 -0.253308 -0.549699 -0.755276 -0.868623 -0.90467 -0.88431 -0.81322 -0.689403 -0.514304 -0.286434 -0.0193578 0.259421 0.528882 0.759862 0.918585 0.994217 0.981483 0.868145 0.667029 0.410711 0.114755 -0.20428 -0.500442 -0.733781 

-0.886865 -0.989983 -0.992786 -0.878773 -0.678917 -0.435121 -0.156207 0.160206 0.480105 0.739219 0.896365 0.959768 0.956534 0.888567 0.732116 0.471282 0.133595 -0.220597 -0.524147 -0.738869 -0.860767 -0.903604 -0.888629 -0.822701 -0.704093 -0.534188 -0.310985 -0.0465921 0.231963 0.503668 0.740016 0.906451 0.99063 0.987284 0.883429 0.689625 0.438127 0.145389 -0.173406 -0.473653 -0.713455 

-0.872687 -0.984185 -0.997762 -0.894037 -0.70088 -0.461081 -0.185786 0.128408 0.450851 0.717896 0.884869 0.956427 0.95977 0.899346 0.752459 0.500824 0.168106 -0.187457 -0.497789 -0.721574 -0.852135 -0.901922 -0.89242 -0.831665 -0.718262 -0.553577 -0.335159 -0.0736687 0.204415 0.478089 0.719527 0.893509 0.986151 0.992141 0.897862 0.711602 0.465132 0.175835 -0.142361 -0.446348 -0.692462 

-0.857757 -0.977442 -1.00168 -0.908434 -0.722295 -0.486658 -0.215066 0.0966172 0.421099 0.695694 0.872465 0.952341 0.962305 0.909279 0.771861 0.529636 0.202406 -0.153936 -0.47065 -0.70339 -0.842714 -0.899611 -0.895676 -0.84011 -0.73191 -0.572464 -0.358939 -0.100564 0.176806 0.452172 0.698419 0.879771 0.980786 0.996055 0.911429 0.732937 0.491707 0.206065 -0.111181 -0.418553 -0.670816 

-0.84209 -0.969769 -1.00455 -0.921939 -0.743136 -0.51184 -0.244029 0.0648729 0.390896 0.672637 0.859148 0.947499 0.964143 0.918379 0.790319 0.557684 0.236439 -0.120085 -0.442758 -0.68432 -0.832491 -0.896659 -0.898393 -0.848035 -0.745036 -0.590842 -0.38231 -0.127257 0.149159 0.425946 0.676714 0.865251 0.974543 0.999023 0.924116 0.75361 0.517828 0.236052 -0.0799002 -0.390296 -0.648529 

-0.825698 -0.961181 -1.00635 -0.934529 -0.763378 -0.536613 -0.27266 0.0332123 0.360286 0.648748 0.844914 0.941891 0.965287 0.926659 0.807831 0.584935 0.270151 -0.0859561 -0.414141 -0.664367 -0.821454 -0.893051 -0.900564 -0.855439 -0.75764 -0.608706 -0.405257 -0.153723 0.1215 0.399438 0.654438 0.849964 0.96743 1.00105 0.935909 0.773598 0.543476 0.265767 -0.0485551 -0.361604 -0.625616 

-0.808597 -0.951697 -1.0071 -0.946181 -0.782996 -0.560963 -0.300941 0.00167097 0.329317 0.624055 0.829761 0.935504 0.965739 0.934131 0.824397 0.611359 0.303489 -0.0516019 -0.38483 -0.643535 -0.809592 -0.888776 -0.902181 -0.862322 -0.769721 -0.626053 -0.427766 -0.179943 0.093856 0.372676 0.631614 0.833924 0.959457 1.00213 0.946795 0.79288 0.56863 0.295186 -0.0171801 -0.332506 -0.602092 

-0.7908 -0.941334 -1.00679 -0.956874 -0.801963 -0.584876 -0.32886 -0.0297168 0.298033 0.598588 0.813689 0.928328 0.965498 0.940807 0.840019 0.636931 0.336401 -0.0170767 -0.354861 -0.621834 -0.796896 -0.883817 -0.903238 -0.868681 -0.781279 -0.642878 -0.449823 -0.205894 0.0662501 0.345689 0.608268 0.817148 0.950632 1.00227 0.956765 0.811437 0.593268 0.324281 0.0141896 -0.303031 -0.577972 

-0.77232 -0.930108 -1.00544 -0.966591 -0.820252 -0.608336 -0.356402 -0.0609184 0.266482 0.572378 0.7967 0.92035 0.964565 0.946701 0.854701 0.661624 0.368837 0.0175649 -0.324269 -0.599273 -0.783356 -0.878163 -0.903725 -0.874515 -0.792314 -0.659177 -0.471418 -0.231557 0.0387075 0.318504 0.584427 0.799653 0.940967 1.00148 0.965808 0.829247 0.617372 0.35303 0.0455196 -0.273212 -0.553273 

-0.753172 -0.91804 -1.00304 -0.975313 -0.837837 -0.631328 -0.383555 -0.091903 0.234709 0.545459 0.778798 0.91156 0.962937 0.951823 0.86845 0.685419 0.400747 0.0522674 -0.293093 -0.575864 -0.768965 -0.871798 -0.903633 -0.879821 -0.802826 -0.674949 -0.492539 -0.256911 0.0112521 0.291148 0.560116 0.781456 0.930472 0.999757 0.973915 0.846293 0.640921 0.381407 0.0767756 -0.243079 -0.528012 

-0.733369 -0.905147 -0.999616 -0.983024 -0.854691 -0.653836 -0.410307 -0.122641 0.202762 0.517868 0.75999 0.901946 0.960611 0.956186 0.881272 0.708296 0.432086 0.086975 -0.261374 -0.551622 -0.753717 -0.86471 -0.902954 -0.884595 -0.812815 -0.690191 -0.513174 -0.281938 -0.0160922 0.26365 0.535363 0.762577 0.919158 0.99711 0.981079 0.862554 0.663894 0.409388 0.107924 -0.212665 -0.502209 

-0.712925 -0.891448 -0.995167 -0.989712 -0.870788 -0.675842 -0.436646 -0.153106 0.170685 0.489641 0.740285 0.891498 0.957584 0.959801 0.893176 0.730239 0.462807 0.121632 -0.229153 -0.526564 -0.737607 -0.856884 -0.901676 -0.888835 -0.822281 -0.704901 -0.533316 -0.306619 -0.0433021 0.236038 0.510194 0.743034 0.907038 0.993544 0.987294 0.878012 0.686273 0.436952 0.138931 -0.182003 -0.475882 

-0.691854 -0.876962 -0.989708 -0.995364 -0.886101 -0.697328 -0.462561 -0.183271 0.138523 0.46082 0.719695 0.880208 0.953849 0.962677 0.904173 0.751235 0.492869 0.156182 -0.196477 -0.500709 -0.720632 -0.848308 -0.899791 -0.892536 -0.831224 -0.719078 -0.552955 -0.330936 -0.0703548 0.208337 0.484637 0.722847 0.894125 0.989067 0.992556 0.892651 0.708038 0.464076 0.169764 -0.151127 -0.449051 

-0.67017 -0.861708 -0.983252 -0.999969 -0.900605 -0.718275 -0.488042 -0.213113 0.106321 0.431444 0.698234 0.868065 0.949402 0.964824 0.914272 0.771273 0.52223 0.190569 -0.16339 -0.47408 -0.702791 -0.838969 -0.897286 -0.895694 -0.839643 -0.732721 -0.572082 -0.354874 -0.0972279 0.180575 0.458721 0.702038 0.880432 0.983688 0.99686 0.906453 0.72917 0.490738 0.200391 -0.120072 -0.421739 

-0.647887 -0.845704 -0.975815 -1.00352 -0.914275 -0.738664 -0.513076 -0.242609 0.0741219 0.401557 0.675918 0.855065 0.944234 0.966251 0.923488 0.790345 0.550852 0.224739 -0.129941 -0.4467 -0.684084 -0.828855 -0.89415 -0.898304 -0.847537 -0.745831 -0.590692 -0.378414 -0.1239 0.15278 0.432474 0.680628 0.865974 0.977416 1.0002 0.919403 0.74965 0.516917 0.230781 -0.0888711 -0.393968 

-0.62502 -0.828969 -0.967412 -1.00601 -0.927086 -0.758474 -0.537655 -0.271737 0.0419671 0.371202 0.652767 0.841199 0.938339 0.966964 0.931831 0.808445 0.578699 0.258635 -0.0961795 -0.418596 -0.664513 -0.817954 -0.890372 -0.90036 -0.854906 -0.758406 -0.608777 -0.401542 -0.150348 0.124976 0.405924 0.658639 0.850765 0.970262 1.00259 0.931486 0.76946 0.542593 0.260903 -0.0575609 -0.365762 

-0.601583 -0.811522 -0.958061 -1.00744 -0.939015 -0.777684 -0.561766 -0.30048 0.00989779 0.340423 0.628801 0.826464 0.931708 0.966971 0.939316 0.82557 0.605738 0.292206 -0.062156 -0.389797 -0.644083 -0.806256 -0.885939 -0.901856 -0.861748 -0.770447 -0.626332 -0.424244 -0.176554 0.0971905 0.3791 0.636094 0.834821 0.962235 1.00401 0.942688 0.78858 0.567747 0.290727 -0.0261763 -0.337144 

-0.577592 -0.793381 -0.947779 -1.00781 -0.950038 -0.796274 -0.585399 -0.328817 -0.0220466 0.309267 0.604045 0.810856 0.924333 0.966276 0.945956 0.841718 0.631938 0.325396 -0.0279222 -0.360334 -0.622799 -0.793751 -0.88084 -0.902786 -0.868063 -0.781954 -0.643352 -0.446505 -0.202495 0.0694486 0.35203 0.613017 0.818157 0.953347 1.00447 0.952995 0.806994 0.592359 0.320224 0.00524687 -0.308141 

-0.553062 -0.774565 -0.936586 -1.0071 -0.960135 -0.81422 -0.608544 -0.356734 -0.0538281 0.27778 0.578526 0.794375 0.916205 0.964884 0.951764 0.856891 0.65727 0.358155 0.00646879 -0.33024 -0.600671 -0.78043 -0.875063 -0.903141 -0.873848 -0.792927 -0.659833 -0.468312 -0.228153 0.0417756 0.324743 0.589431 0.800791 0.943611 1.00397 0.962397 0.824682 0.61641 0.349365 0.036673 -0.278779 

-0.528008 -0.755091 -0.924502 -1.00534 -0.969284 -0.831501 -0.631187 -0.384214 -0.0854103 0.246008 0.552272 0.777021 0.907313 0.962797 0.956755 0.871092 0.681709 0.390433 0.0409635 -0.299552 -0.577708 -0.766284 -0.868595 -0.902915 -0.8791 -0.803366 -0.675772 -0.489653 -0.253509 0.0141959 0.297269 0.565362 0.782739 0.93304 1.00253 0.97088 0.841629 0.639882 0.378124 0.0680664 -0.249087 

-0.502449 -0.734978 -0.911546 -1.00252 -0.977467 -0.848093 -0.653318 -0.411244 -0.116758 0.213998 0.525314 0.758797 0.897651 0.960017 0.960942 0.884326 0.705233 0.422179 0.0755074 -0.268306 -0.553923 -0.751309 -0.861423 -0.902099 -0.883818 -0.813274 -0.691165 -0.510516 -0.278543 -0.0132661 0.269636 0.540835 0.76402 0.921646 1.00013 0.978437 0.857816 0.662757 0.406473 0.0993915 -0.219092 

-0.476401 -0.714243 -0.897741 -0.998639 -0.984667 -0.863973 -0.674924 -0.43781 -0.147839 0.181797 0.497685 0.739707 0.887207 0.956545 0.964339 0.896599 0.72782 0.453347 0.110046 -0.236544 -0.529332 -0.735497 -0.853536 -0.900685 -0.887998 -0.822648 -0.70601 -0.53089 -0.303239 -0.040587 0.241873 0.515876 0.744652 0.909445 0.996787 0.985058 0.873228 0.685018 0.434387 0.130613 -0.188824 

-0.449881 -0.692905 -0.883109 -0.993718 -0.990867 -0.879119 -0.695992 -0.4639 -0.178621 0.149453 0.46942 0.719758 0.875974 0.952381 0.966958 0.90792 0.749455 0.483892 0.144524 -0.204306 -0.503951 -0.718847 -0.844923 -0.898662 -0.891636 -0.831491 -0.720306 -0.550766 -0.327579 -0.0677435 0.214007 0.490511 0.724653 0.896451 0.992511 0.990736 0.887848 0.706648 0.461842 0.161695 -0.158314 

-0.422909 -0.670979 -0.86767 -0.987763 -0.996052 -0.893506 -0.716508 -0.489502 -0.209075 0.11701 0.440556 0.69896 0.863944 0.947522 0.968813 0.918298 0.770121 0.513769 0.178887 -0.171636 -0.4778 -0.701354 -0.83557 -0.896023 -0.894729 -0.839803 -0.73405 -0.570134 -0.351547 -0.0947133 0.186068 0.464766 0.704045 0.88268 0.987308 0.995463 0.901661 0.72763 0.488813 0.192603 -0.127593 

-0.395503 -0.648484 -0.851448 -0.980785 -1.00021 -0.907111 -0.736458 -0.514607 -0.239172 0.0845157 0.411133 0.677323 0.851109 0.941968 0.969915 0.927744 0.789806 0.542938 0.213079 -0.13858 -0.450902 -0.683019 -0.825468 -0.892756 -0.897272 -0.847582 -0.747243 -0.588986 -0.375127 -0.121474 0.158084 0.438671 0.682846 0.868147 0.981186 0.999236 0.914652 0.747949 0.515277 0.223304 -0.0966931 

-0.367684 -0.625437 -0.834465 -0.972797 -1.00333 -0.91991 -0.755827 -0.539203 -0.268887 0.0520151 0.381191 0.654863 0.837462 0.935713 0.970276 0.936271 0.808502 0.57136 0.247046 -0.105184 -0.423279 -0.663842 -0.814605 -0.888852 -0.89926 -0.854831 -0.759883 -0.607314 -0.398304 -0.148005 0.130082 0.41225 0.661078 0.852868 0.974157 1.00205 0.926805 0.767588 0.541213 0.253762 -0.0656469 

-0.339474 -0.601854 -0.816743 -0.963815 -1.00541 -0.931882 -0.7746 -0.563282 -0.298195 0.0195526 0.350771 0.631594 0.822998 0.928754 0.969905 0.943891 0.8262 0.598997 0.280733 -0.0714976 -0.394958 -0.643827 -0.802972 -0.8843 -0.900687 -0.861547 -0.771971 -0.625111 -0.421063 -0.174286 0.102089 0.385534 0.638761 0.836862 0.966231 1.0039 0.938109 0.786532 0.566599 0.283945 -0.0344877 

-0.310892 -0.577753 -0.798306 -0.953854 -1.00643 -0.943004 -0.79276 -0.586833 -0.327073 -0.0128283 0.319917 0.607535 0.807712 0.921085 0.968813 0.950617 0.842898 0.625815 0.314088 -0.0375691 -0.365969 -0.622977 -0.790559 -0.87909 -0.901547 -0.867731 -0.783506 -0.64237 -0.44339 -0.200295 0.0741337 0.358549 0.615919 0.820145 0.95742 1.00479 0.948548 0.804765 0.591414 0.313821 -0.00324948 

-0.281963 -0.553151 -0.779176 -0.942933 -1.00639 -0.953253 -0.81029 -0.609849 -0.355501 -0.0450854 0.288673 0.582708 0.7916 0.912702 0.967006 0.956466 0.858591 0.651782 0.347058 -0.00345001 -0.336341 -0.601301 -0.777358 -0.87321 -0.901833 -0.873381 -0.79449 -0.659087 -0.465274 -0.226015 0.0462414 0.331325 0.592574 0.802735 0.947739 1.00472 0.958112 0.822274 0.61564 0.343357 0.0280333 

-0.25271 -0.528064 -0.759375 -0.931071 -1.00529 -0.962609 -0.827173 -0.632318 -0.383459 -0.0771774 0.257085 0.557136 0.774662 0.903598 0.964494 0.96145 0.87328 0.676869 0.37959 0.030808 -0.306109 -0.578805 -0.763362 -0.86665 -0.901539 -0.878496 -0.804922 -0.675255 -0.4867 -0.251426 0.0184385 0.303889 0.568748 0.784651 0.937199 1.00368 0.966788 0.839044 0.639258 0.372522 0.0593259 

-0.223157 -0.502511 -0.738927 -0.918288 -1.00313 -0.971051 -0.84339 -0.654234 -0.410929 -0.109065 0.225198 0.530845 0.756896 0.893766 0.961282 0.965585 0.886968 0.701049 0.411636 0.0651523 -0.275307 -0.555502 -0.748563 -0.859399 -0.900658 -0.883074 -0.814803 -0.690872 -0.507658 -0.27651 -0.00924925 0.27627 0.544465 0.765911 0.925818 1.00168 0.974565 0.85506 0.662249 0.401286 0.0905933 

-0.19333 -0.476508 -0.717853 -0.904605 -0.999907 -0.97856 -0.858924 -0.675586 -0.437895 -0.140709 0.193059 0.503862 0.738304 0.8832 0.957375 0.968886 0.899659 0.724298 0.443145 0.0995296 -0.243973 -0.531404 -0.732957 -0.851447 -0.89918 -0.887113 -0.824135 -0.705933 -0.528136 -0.301249 -0.036797 0.248498 0.519749 0.746536 0.913609 0.998731 0.981434 0.870309 0.684597 0.42962 0.1218 

-0.163255 -0.450072 -0.696175 -0.890045 -0.995626 -0.985118 -0.873754 -0.696366 -0.464341 -0.172074 0.160716 0.476218 0.718889 0.871893 0.952777 0.971368 0.911357 0.746595 0.474071 0.133886 -0.212146 -0.506525 -0.71654 -0.842782 -0.897097 -0.890611 -0.832918 -0.720435 -0.548125 -0.325629 -0.0641801 0.220601 0.494625 0.726545 0.900589 0.994827 0.987386 0.884778 0.706285 0.457496 0.152911 

-0.132959 -0.423223 -0.673915 -0.874631 -0.990292 -0.990707 -0.887861 -0.716564 -0.490255 -0.203124 0.128215 0.447945 0.698657 0.859838 0.947492 0.973046 0.922072 0.76792 0.504369 0.168168 -0.179867 -0.480884 -0.699308 -0.833394 -0.894402 -0.893564 -0.841153 -0.734375 -0.567614 -0.349631 -0.0913749 0.192607 0.469117 0.705957 0.886776 0.989979 0.992413 0.898454 0.727298 0.484886 0.183891 

-0.10247 -0.395977 -0.651095 -0.858387 -0.983912 -0.995312 -0.901226 -0.736169 -0.515622 -0.233826 0.0956035 0.419078 0.677615 0.847028 0.941521 0.973934 0.931813 0.788259 0.533993 0.20232 -0.14718 -0.454499 -0.681261 -0.823274 -0.891084 -0.895968 -0.84884 -0.747752 -0.586595 -0.373242 -0.118358 0.164545 0.443251 0.684794 0.872187 0.984193 0.996507 0.911324 0.74762 0.511763 0.214704 

-0.0718177 -0.368354 -0.627735 -0.841338 -0.976495 -0.998919 -0.913829 -0.755172 -0.540433 -0.26415 0.0629285 0.389653 0.655771 0.833458 0.934865 0.974047 0.940589 0.807596 0.562903 0.23629 -0.114128 -0.427392 -0.662398 -0.812412 -0.887135 -0.89782 -0.855981 -0.760564 -0.60506 -0.396446 -0.145107 0.136443 0.417053 0.663076 0.85684 0.977479 0.999663 0.923375 0.767237 0.538103 0.245315 

-0.0410312 -0.340372 -0.603857 -0.823507 -0.968052 -1.00152 -0.925648 -0.773561 -0.564677 -0.294064 0.0302366 0.359707 0.633139 0.819122 0.927525 0.973398 0.948414 0.825922 0.591059 0.270022 -0.080758 -0.399587 -0.642722 -0.800799 -0.882544 -0.899115 -0.862576 -0.77281 -0.623 -0.41923 -0.171601 0.10833 0.390549 0.640826 0.840754 0.969845 1.00188 0.934597 0.786136 0.563881 0.275689 

-0.0101413 -0.312052 -0.579481 -0.804922 -0.958596 -1.00309 -0.936665 -0.791326 -0.588343 -0.323541 -0.00242608 0.329282 0.609731 0.804015 0.919498 0.971999 0.9553 0.843228 0.618423 0.303464 -0.0471178 -0.37111 -0.622237 -0.788426 -0.877302 -0.899848 -0.868625 -0.784489 -0.64041 -0.441581 -0.197817 0.0802343 0.363764 0.618064 0.823949 0.961304 1.00314 0.944978 0.804303 0.589073 0.305792 

0.020821 -0.283412 -0.554628 -0.785608 -0.948142 -1.00363 -0.946858 -0.808453 -0.611423 -0.352555 -0.0350143 0.298418 0.585564 0.788133 0.910784 0.969863 0.961262 0.859508 0.64496 0.336563 -0.0132561 -0.34199 -0.600946 -0.775286 -0.8714 -0.900013 -0.874129 -0.7956 -0.657281 -0.463486 -0.223737 0.0521827 0.336726 0.594812 0.806445 0.951867 1.00346 0.954508 0.821725 0.613659 0.335589 

0.0518238 -0.254475 -0.529317 -0.76559 -0.936706 -1.00313 -0.956209 -0.824932 -0.633909 -0.381082 -0.0674835 0.267158 0.560655 0.771472 0.90138 0.967 0.966314 0.874759 0.670638 0.369267 0.020777 -0.312257 -0.578858 -0.761372 -0.864826 -0.899604 -0.879086 -0.806143 -0.67361 -0.484933 -0.249339 0.0242026 0.309463 0.571094 0.788261 0.941547 1.00282 0.963175 0.838391 0.637615 0.365048 

0.0828346 -0.22526 -0.503568 -0.744894 -0.924305 -1.00159 -0.964697 -0.840748 -0.655792 -0.4091 -0.0997902 0.235545 0.535026 0.754031 0.891282 0.963422 0.970472 0.88898 0.695426 0.401525 0.0549304 -0.281943 -0.555982 -0.746679 -0.857571 -0.898615 -0.883497 -0.816119 -0.689389 -0.505912 -0.274606 -0.00367887 0.282 0.546932 0.769419 0.930359 1.00124 0.970971 0.85429 0.660924 0.394134 

0.11382 -0.195791 -0.477402 -0.723548 -0.91096 -0.999001 -0.972304 -0.855889 -0.677066 -0.436587 -0.131892 0.203625 0.508699 0.73581 0.880487 0.959137 0.973751 0.902172 0.719297 0.433286 0.0891524 -0.251083 -0.532328 -0.7312 -0.849625 -0.897038 -0.887361 -0.825528 -0.704616 -0.526412 -0.29952 -0.0314354 0.254366 0.522349 0.74994 0.918318 0.998701 0.977886 0.869408 0.683564 0.422816 

0.144748 -0.16609 -0.450837 -0.701576 -0.89669 -0.99536 -0.979011 -0.870338 -0.697723 -0.463524 -0.163749 0.171443 0.4817 0.716808 0.86899 0.954154 0.976168 0.914338 0.742226 0.464503 0.12339 -0.219714 -0.507911 -0.714933 -0.840978 -0.894865 -0.890675 -0.834369 -0.719285 -0.546423 -0.324063 -0.0590411 0.226587 0.497368 0.729845 0.90544 0.995216 0.983913 0.883738 0.705519 0.451062 

0.175583 -0.136181 -0.423892 -0.679006 -0.881519 -0.990669 -0.984801 -0.884083 -0.717756 -0.489895 -0.19532 0.139046 0.454056 0.697029 0.856788 0.948479 0.97774 0.925484 0.76419 0.495127 0.157591 -0.187874 -0.482744 -0.697875 -0.83162 -0.89209 -0.89344 -0.842645 -0.733394 -0.565937 -0.348218 -0.0864706 0.198693 0.472014 0.709157 0.891742 0.990787 0.989042 0.897267 0.726772 0.478841 

0.206291 -0.106087 -0.396588 -0.655861 -0.865469 -0.98493 -0.989656 -0.897107 -0.737157 -0.515683 -0.226568 0.10648 0.425797 0.676476 0.843875 0.942119 0.978482 0.935616 0.785169 0.525115 0.191702 -0.155604 -0.456845 -0.680024 -0.821543 -0.888704 -0.895651 -0.850355 -0.746938 -0.584944 -0.371972 -0.113699 0.170709 0.44631 0.687898 0.877243 0.985418 0.993268 0.909987 0.747306 0.506124 

0.236839 -0.0758333 -0.368943 -0.632169 -0.848565 -0.978147 -0.993561 -0.909395 -0.755921 -0.540875 -0.257457 0.0737935 0.396954 0.655156 0.830247 0.93508 0.978411 0.944744 0.805146 0.554422 0.225668 -0.122947 -0.430234 -0.661381 -0.810738 -0.884697 -0.897307 -0.8575 -0.759916 -0.603438 -0.395307 -0.140702 0.142665 0.42028 0.66609 0.861961 0.979116 0.996584 0.921888 0.767107 0.532882 

0.267192 -0.0454464 -0.340977 -0.607954 -0.830832 -0.970326 -0.9965 -0.920931 -0.774039 -0.565456 -0.287951 0.0410325 0.367561 0.633076 0.8159 0.927364 0.977543 0.952878 0.824106 0.583005 0.259437 -0.0899451 -0.402932 -0.641947 -0.799195 -0.880062 -0.898405 -0.864081 -0.772324 -0.62141 -0.418212 -0.167457 0.114587 0.39395 0.643756 0.845916 0.971886 0.998985 0.932962 0.78616 0.559086 

0.297315 -0.0149524 -0.312709 -0.58324 -0.812296 -0.961476 -0.998461 -0.931697 -0.791504 -0.589416 -0.318018 0.00824462 0.337654 0.610245 0.800828 0.918975 0.975893 0.960029 0.842038 0.610826 0.292956 -0.0566447 -0.374962 -0.621725 -0.786907 -0.874789 -0.898941 -0.870098 -0.784162 -0.638854 -0.440672 -0.193941 0.0865032 0.367344 0.62092 0.829129 0.963738 1.00047 0.943199 0.804452 0.58471 

0.327173 0.0156213 -0.284158 -0.558054 -0.792985 -0.951607 -0.999431 -0.941678 -0.808309 -0.612743 -0.347627 -0.0245232 0.307269 0.586677 0.78503 0.909916 0.973476 0.966211 0.858932 0.637847 0.326171 -0.0230924 -0.34635 -0.60072 -0.773867 -0.868868 -0.89891 -0.875551 -0.795427 -0.655764 -0.462675 -0.220131 0.0584409 0.340486 0.597604 0.81162 0.954682 1.00102 0.952592 0.821972 0.609729 

0.356734 0.0462467 -0.255345 -0.532417 -0.772926 -0.940731 -0.9994 -0.950856 -0.824445 -0.63543 -0.376748 -0.0572246 0.276448 0.562383 0.7685 0.900187 0.970308 0.971438 0.874781 0.664032 0.35903 0.0106636 -0.317124 -0.578938 -0.760069 -0.862291 -0.898309 -0.880442 -0.806119 -0.672135 -0.484209 -0.246007 0.0304274 0.313404 0.573832 0.793411 0.944728 1.00065 0.961134 0.838707 0.634117 

0.385962 0.0768952 -0.226289 -0.506356 -0.752147 -0.928861 -0.998358 -0.959214 -0.839903 -0.657466 -0.405354 -0.0898136 0.245228 0.537382 0.751238 0.889789 0.9664 0.975725 0.889581 0.689349 0.391481 0.0445742 -0.287314 -0.556387 -0.745507 -0.855048 -0.897132 -0.884769 -0.816236 -0.687961 -0.505264 -0.271547 0.00248965 0.286121 0.549627 0.774525 0.933889 0.999355 0.968817 0.854647 0.657852 

0.414824 0.107537 -0.197011 -0.479891 -0.730676 -0.916015 -0.996297 -0.966736 -0.854675 -0.678845 -0.433419 -0.122245 0.213654 0.51169 0.733241 0.878721 0.961767 0.979089 0.90333 0.713765 0.423475 0.0785891 -0.256952 -0.533078 -0.730176 -0.84713 -0.895374 -0.888533 -0.825778 -0.703237 -0.52583 -0.296733 -0.0253458 0.258663 0.525014 0.754984 0.922178 0.997129 0.975634 0.869782 0.680911 

0.443286 0.138143 -0.167531 -0.453048 -0.708543 -0.902208 -0.993212 -0.973405 -0.86875 -0.69956 -0.460921 -0.154475 0.181768 0.485328 0.714509 0.866983 0.95642 0.981546 0.916027 0.737255 0.454961 0.112657 -0.226072 -0.509021 -0.714073 -0.838526 -0.893029 -0.891733 -0.834744 -0.71796 -0.545896 -0.321546 -0.0530525 0.231057 0.500016 0.734812 0.90961 0.993974 0.981579 0.884103 0.703273 

0.471317 0.168681 -0.137871 -0.425847 -0.685775 -0.887461 -0.989098 -0.979204 -0.88212 -0.719604 -0.487836 -0.186461 0.149615 0.458319 0.695043 0.854572 0.95037 0.983112 0.927675 0.75979 0.48589 0.146727 -0.194709 -0.484232 -0.697194 -0.829229 -0.890089 -0.894369 -0.843133 -0.732126 -0.565456 -0.345967 -0.0806046 0.203328 0.474657 0.714032 0.896199 0.989892 0.986648 0.897602 0.724918 

0.498884 0.199121 -0.108052 -0.398312 -0.662403 -0.871795 -0.983953 -0.984117 -0.894773 -0.738972 -0.514145 -0.21816 0.117239 0.430688 0.674844 0.841487 0.943628 0.983806 0.938279 0.781349 0.516217 0.180745 -0.162901 -0.458725 -0.67954 -0.819228 -0.886549 -0.896439 -0.850947 -0.745732 -0.584499 -0.369981 -0.107976 0.175502 0.448962 0.692669 0.881964 0.984885 0.990833 0.91027 0.745827 

0.525955 0.22943 -0.0780957 -0.370463 -0.638456 -0.855231 -0.977777 -0.988128 -0.906698 -0.757659 -0.53983 -0.249532 0.0846867 0.402461 0.653917 0.827725 0.936202 0.983645 0.947845 0.801912 0.545896 0.21466 -0.130689 -0.432518 -0.661109 -0.808516 -0.882402 -0.897942 -0.858183 -0.758774 -0.603021 -0.393569 -0.135143 0.147605 0.422955 0.670747 0.866921 0.978956 0.994131 0.922101 0.765984 

0.5525 0.259578 -0.0480252 -0.342323 -0.613961 -0.837794 -0.970571 -0.991223 -0.917883 -0.775658 -0.564874 -0.280538 0.0520048 0.373668 0.632265 0.813284 0.928101 0.982646 0.956381 0.821459 0.574882 0.248419 -0.0981121 -0.40563 -0.641903 -0.797084 -0.877639 -0.898877 -0.864843 -0.77125 -0.621012 -0.416718 -0.16208 0.119663 0.39666 0.648291 0.85109 0.972111 0.996538 0.933088 0.785372 

0.57849 0.289531 -0.0178636 -0.313913 -0.588949 -0.819508 -0.962339 -0.993388 -0.928317 -0.792966 -0.589262 -0.311141 0.0192401 0.344339 0.609897 0.798162 0.919331 0.980828 0.963897 0.839975 0.603135 0.281968 -0.0652146 -0.378085 -0.621925 -0.784924 -0.872252 -0.89924 -0.870927 -0.783159 -0.638469 -0.439413 -0.188764 0.091702 0.370102 0.625325 0.83449 0.964356 0.99805 0.943225 0.803975 

0.603894 0.319256 0.0123653 -0.285254 -0.563447 -0.8004 -0.953086 -0.994608 -0.937987 -0.809577 -0.612981 -0.341305 -0.0135603 0.314509 0.586819 0.782354 0.9099 0.978208 0.970405 0.857449 0.630614 0.315256 -0.0320404 -0.349904 -0.601179 -0.772029 -0.866235 -0.89903 -0.876434 -0.794497 -0.655384 -0.46164 -0.215171 0.0637484 0.343305 0.601875 0.817142 0.955697 0.998664 0.952506 0.821781 

0.628687 0.348721 0.0426372 -0.256366 -0.537483 -0.780497 -0.94282 -0.994872 -0.946879 -0.825486 -0.636019 -0.370995 -0.0463494 0.284211 0.563043 0.76586 0.899811 0.974802 0.975917 0.873869 0.657281 0.348229 0.00136473 -0.321114 -0.579671 -0.758393 -0.859578 -0.898243 -0.881364 -0.805264 -0.671754 -0.483388 -0.241278 0.0358278 0.316294 0.577967 0.799068 0.946143 0.998378 0.960928 0.838776 

0.65284 0.377893 0.072927 -0.227271 -0.511086 -0.759827 -0.93155 -0.994169 -0.954982 -0.840689 -0.658366 -0.400181 -0.0790801 0.253483 0.53858 0.748678 0.889069 0.970627 0.980448 0.889228 0.6831 0.380835 0.0349538 -0.291743 -0.557407 -0.74401 -0.852273 -0.896876 -0.885717 -0.815457 -0.687573 -0.504643 -0.267063 0.00796601 0.289093 0.553625 0.780289 0.935704 0.99719 0.968484 0.854948 

0.676329 0.406739 0.103209 -0.197988 -0.484283 -0.738418 -0.919287 -0.992488 -0.96228 -0.855179 -0.680012 -0.428831 -0.111706 0.222362 0.513446 0.730805 0.877677 0.9657 0.984012 0.903521 0.708039 0.413025 0.0686786 -0.261819 -0.534399 -0.728875 -0.844311 -0.894925 -0.889492 -0.825076 -0.702839 -0.525395 -0.292507 -0.0198113 0.261727 0.528876 0.760828 0.924389 0.9951 0.975172 0.870287 

0.699128 0.435225 0.133457 -0.168539 -0.4571 -0.716302 -0.906045 -0.989822 -0.968761 -0.868952 -0.70095 -0.456916 -0.144181 0.19089 0.487655 0.712241 0.865638 0.960035 0.986627 0.916745 0.732066 0.444746 0.10249 -0.231376 -0.510655 -0.712984 -0.835685 -0.892386 -0.89269 -0.83412 -0.717547 -0.545634 -0.317587 -0.0474788 0.23422 0.503745 0.740711 0.912211 0.992108 0.980988 0.884784 

0.721215 0.463319 0.163644 -0.138944 -0.429566 -0.693507 -0.891839 -0.986162 -0.974411 -0.882002 -0.721171 -0.484411 -0.17646 0.159107 0.461226 0.692986 0.852954 0.953646 0.988309 0.928899 0.755153 0.47595 0.136338 -0.200446 -0.48619 -0.696335 -0.826384 -0.889253 -0.895308 -0.842587 -0.731694 -0.565352 -0.342284 -0.0750112 0.206598 0.478258 0.71996 0.899183 0.988214 0.985929 0.89843 

0.742567 0.490989 0.193743 -0.109224 -0.401704 -0.670066 -0.876687 -0.981503 -0.979215 -0.894322 -0.740671 -0.511291 -0.208497 0.127055 0.434181 0.67304 0.839624 0.946548 0.989076 0.939985 0.777273 0.506589 0.170172 -0.169064 -0.461018 -0.678924 -0.816403 -0.885523 -0.897348 -0.850477 -0.745279 -0.584538 -0.36658 -0.102384 0.178885 0.45244 0.698602 0.88532 0.98342 0.989992 0.911217 

0.763164 0.518202 0.223725 -0.0793989 -0.373541 -0.646008 -0.860606 -0.975841 -0.983162 -0.905905 -0.759444 -0.537532 -0.240251 0.0947791 0.40654 0.652407 0.825651 0.938754 0.988947 0.950007 0.798403 0.536615 0.203941 -0.137268 -0.435155 -0.660753 -0.805731 -0.881189 -0.898807 -0.857789 -0.758298 -0.603187 -0.390457 -0.129572 0.151105 0.426317 0.67666 0.870636 0.977729 0.993175 0.923139 

0.782986 0.544926 0.253562 -0.0494907 -0.345102 -0.621365 -0.843617 -0.969174 -0.986235 -0.916745 -0.777485 -0.563115 -0.271678 0.0623232 0.378329 0.631088 0.811032 0.930274 0.987938 0.958971 0.818522 0.565984 0.237592 -0.105097 -0.408619 -0.641821 -0.794361 -0.876246 -0.899684 -0.864522 -0.77075 -0.621291 -0.413897 -0.156551 0.123284 0.399915 0.654163 0.855148 0.971143 0.995477 0.93419 

0.802015 0.571131 0.283224 -0.0195203 -0.316412 -0.596169 -0.825743 -0.9615 -0.988424 -0.926834 -0.794791 -0.58802 -0.302737 0.0297329 0.349575 0.609089 0.79577 0.921121 0.98607 0.966884 0.837611 0.594651 0.271075 -0.0725905 -0.381431 -0.622131 -0.782287 -0.870688 -0.899977 -0.870675 -0.782633 -0.638844 -0.436884 -0.183297 0.0954444 0.373259 0.631135 0.838874 0.963669 0.996897 0.944365 

0.820234 0.596785 0.312682 0.0104908 -0.287494 -0.570452 -0.807008 -0.952822 -0.989715 -0.936163 -0.811358 -0.61223 -0.333389 -0.00294586 0.320305 0.586415 0.779861 0.911304 0.983361 0.973757 0.855654 0.622575 0.304336 -0.0397911 -0.353613 -0.601685 -0.7695 -0.864508 -0.899684 -0.876249 -0.793946 -0.655841 -0.459403 -0.209788 0.0676119 0.346375 0.607603 0.821832 0.95531 0.997433 0.95366 

0.837627 0.62186 0.341907 0.0405206 -0.258372 -0.544244 -0.787436 -0.943142 -0.990096 -0.944725 -0.827183 -0.63573 -0.363595 -0.0356665 0.290552 0.563074 0.763307 0.900832 0.97983 0.979599 0.872638 0.649715 0.337325 -0.00674205 -0.32519 -0.58049 -0.755995 -0.8577 -0.898804 -0.881241 -0.804687 -0.672276 -0.48144 -0.236 0.0398106 0.319288 0.583595 0.804043 0.946073 0.997086 0.962072 

0.854181 0.646325 0.370866 0.070547 -0.229068 -0.517578 -0.767053 -0.932465 -0.989555 -0.952509 -0.842264 -0.658506 -0.393319 -0.0683824 0.260346 0.539075 0.746105 0.889713 0.975496 0.984425 0.888553 0.676033 0.36999 0.0265118 -0.296187 -0.55855 -0.741766 -0.850256 -0.897334 -0.885652 -0.814856 -0.688147 -0.502981 -0.26191 0.0120646 0.292023 0.559138 0.785527 0.935966 0.995856 0.969597 

0.869883 0.670152 0.399531 0.100547 -0.199606 -0.490483 -0.745889 -0.920799 -0.988082 -0.959508 -0.856596 -0.680546 -0.422526 -0.101047 0.229723 0.514428 0.728256 0.877955 0.970376 0.988249 0.903389 0.701494 0.402279 0.0599245 -0.266632 -0.535876 -0.726807 -0.842171 -0.89527 -0.889481 -0.824452 -0.703448 -0.524013 -0.287498 -0.0156022 0.264605 0.534259 0.766306 0.924996 0.993744 0.976235 

0.88472 0.693316 0.427869 0.130498 -0.170009 -0.462992 -0.72397 -0.908151 -0.985667 -0.965711 -0.870179 -0.70184 -0.451184 -0.133613 0.198719 0.489147 0.709759 0.865562 0.964489 0.991084 0.917141 0.726063 0.434141 0.093449 -0.236555 -0.512475 -0.711114 -0.833436 -0.89261 -0.892725 -0.833474 -0.718178 -0.544525 -0.312742 -0.0431658 0.237059 0.508986 0.746403 0.913175 0.990751 0.981984 

0.898683 0.715788 0.455851 0.160376 -0.140296 -0.435134 -0.701328 -0.894533 -0.982302 -0.971107 -0.883008 -0.722378 -0.479261 -0.166034 0.167372 0.463246 0.690615 0.852541 0.957851 0.992949 0.929807 0.749709 0.465528 0.127037 -0.205989 -0.488361 -0.694685 -0.824046 -0.889351 -0.895385 -0.841921 -0.732333 -0.564506 -0.337621 -0.0706026 0.20941 0.483347 0.72584 0.900511 0.986878 0.986843 

0.911762 0.737544 0.483444 0.190158 -0.110492 -0.406939 -0.677993 -0.879957 -0.977978 -0.975687 -0.895082 -0.742153 -0.506728 -0.198265 0.13572 0.436741 0.670823 0.838896 0.950479 0.99386 0.941384 0.772402 0.49639 0.16064 -0.174966 -0.463546 -0.677515 -0.813992 -0.885487 -0.897459 -0.849793 -0.745913 -0.583947 -0.362115 -0.0978891 0.181682 0.457368 0.704643 0.887018 0.98213 0.990812 

0.923949 0.758561 0.510617 0.219818 -0.0806159 -0.378437 -0.653997 -0.864438 -0.97269 -0.979441 -0.906397 -0.761158 -0.533557 -0.23026 0.103805 0.409651 0.650385 0.824631 0.94239 0.993835 0.951874 0.794117 0.52668 0.194209 -0.143521 -0.438045 -0.659606 -0.803268 -0.881016 -0.898946 -0.857089 -0.758915 -0.602837 -0.386206 -0.125002 0.1539 0.431078 0.682836 0.872707 0.976508 0.993892 

0.935239 0.778815 0.53734 0.249331 -0.0506902 -0.349656 -0.629371 -0.847992 -0.966432 -0.982356 -0.91695 -0.779389 -0.559723 -0.261974 0.0716683 0.381997 0.629303 0.809748 0.933598 0.992894 0.961281 0.814828 0.55635 0.227693 -0.111692 -0.411876 -0.640955 -0.791868 -0.875933 -0.899843 -0.863809 -0.771338 -0.62117 -0.409875 -0.151919 0.126087 0.404504 0.660445 0.857593 0.970017 0.996083 

0.945624 0.798284 0.563581 0.278673 -0.0207355 -0.320626 -0.604149 -0.830638 -0.959202 -0.984424 -0.926738 -0.796839 -0.585204 -0.293364 0.0393532 0.3538 0.607582 0.794251 0.924118 0.991056 0.969611 0.834514 0.585356 0.261041 -0.0795179 -0.385058 -0.621565 -0.779785 -0.870234 -0.90015 -0.869952 -0.783181 -0.638937 -0.433104 -0.178617 0.098268 0.377674 0.637496 0.841691 0.96266 0.997388 

0.955101 0.81695 0.589311 0.307816 0.00922703 -0.291374 -0.578363 -0.812396 -0.950996 -0.985632 -0.935756 -0.813507 -0.609976 -0.324387 0.00690363 0.325085 0.585223 0.77814 0.913963 0.988339 0.976869 0.853157 0.613654 0.294204 -0.0470379 -0.35761 -0.601437 -0.767013 -0.863913 -0.899863 -0.875518 -0.794445 -0.656133 -0.455877 -0.205074 0.0704661 0.350614 0.614017 0.825017 0.954444 0.997807 

0.963667 0.834792 0.614498 0.336735 0.0391764 -0.261926 -0.552047 -0.793287 -0.941814 -0.985972 -0.944 -0.82939 -0.634022 -0.355003 -0.0256356 0.295879 0.562235 0.761417 0.903146 0.984764 0.983067 0.870739 0.641201 0.327129 -0.0142939 -0.329557 -0.580575 -0.753546 -0.856966 -0.898981 -0.880505 -0.805128 -0.672752 -0.478177 -0.231267 0.0427047 0.323353 0.590035 0.807588 0.945374 0.997344 

0.971319 0.851793 0.639114 0.365402 0.0690918 -0.23231 -0.525235 -0.773335 -0.931658 -0.985432 -0.951466 -0.844485 -0.657323 -0.38517 -0.0582189 0.26621 0.538622 0.744085 0.891678 0.980352 0.988215 0.887246 0.667959 0.359767 0.0186712 -0.300921 -0.558986 -0.739378 -0.849387 -0.897502 -0.884913 -0.81523 -0.688789 -0.49999 -0.257176 0.0150071 0.295917 0.565578 0.789422 0.935458 0.996001 

0.978055 0.867938 0.663128 0.39379 0.0989519 -0.202551 -0.49796 -0.752565 -0.92053 -0.984003 -0.958148 -0.858791 -0.679864 -0.414852 -0.0908005 0.236108 0.514393 0.726142 0.87957 0.975121 0.992326 0.902667 0.693889 0.392067 0.0518132 -0.271731 -0.536675 -0.724506 -0.841171 -0.895422 -0.888741 -0.824753 -0.704239 -0.521301 -0.282779 -0.0126039 0.268332 0.540673 0.770539 0.924701 0.993782 

0.983875 0.88321 0.686513 0.421871 0.128736 -0.172675 -0.470255 -0.731004 -0.908436 -0.981675 -0.964042 -0.872308 -0.70163 -0.44401 -0.123334 0.205605 0.489559 0.707592 0.866832 0.969091 0.995415 0.916993 0.718953 0.423979 0.0850866 -0.242013 -0.51365 -0.708926 -0.832313 -0.892739 -0.891988 -0.833695 -0.719099 -0.542096 -0.308055 -0.0401057 0.240625 0.515351 0.750959 0.913114 0.99069 

0.98878 0.897598 0.70924 0.449618 0.158422 -0.142706 -0.442154 -0.708678 -0.895382 -0.978441 -0.969139 -0.885034 -0.722611 -0.472609 -0.155774 0.174735 0.46413 0.688434 0.853472 0.962283 0.997496 0.930218 0.743119 0.455453 0.118445 -0.211799 -0.489923 -0.692633 -0.822808 -0.889449 -0.894653 -0.842058 -0.733367 -0.562363 -0.332985 -0.0674758 0.212822 0.489638 0.730703 0.900704 0.98673 

0.99277 0.911089 0.731283 0.477001 0.187988 -0.112669 -0.413691 -0.685617 -0.881375 -0.974291 -0.973436 -0.896968 -0.742794 -0.500617 -0.188072 0.143535 0.43812 0.668671 0.839499 0.954713 0.998587 0.942338 0.766355 0.48644 0.151842 -0.18112 -0.465504 -0.675626 -0.812649 -0.88555 -0.896733 -0.849842 -0.74704 -0.58209 -0.357549 -0.0946922 0.184949 0.463566 0.709795 0.887483 0.981906 

0.995848 0.923673 0.752615 0.503992 0.217413 -0.0825871 -0.384898 -0.661852 -0.866427 -0.969219 -0.976924 -0.908112 -0.762172 -0.528001 -0.220185 0.11204 0.411543 0.648303 0.824918 0.946402 0.998705 0.953351 0.78863 0.516892 0.185228 -0.15001 -0.440407 -0.657904 -0.801833 -0.881037 -0.898228 -0.857047 -0.760117 -0.601267 -0.381727 -0.121733 0.157031 0.437161 0.688256 0.873461 0.976224 

0.998017 0.93534 0.773211 0.530562 0.246675 -0.052483 -0.355808 -0.637414 -0.85055 -0.963219 -0.979597 -0.918464 -0.780736 -0.554732 -0.252065 0.0802898 0.384416 0.627334 0.809738 0.937367 0.997869 0.963258 0.809918 0.546762 0.218555 -0.118504 -0.414648 -0.639464 -0.790352 -0.875907 -0.899136 -0.863674 -0.772597 -0.619883 -0.405502 -0.148577 0.129093 0.410455 0.666112 0.85865 0.969689 

0.999279 0.946084 0.793047 0.556683 0.275751 -0.0223797 -0.326453 -0.612335 -0.833757 -0.956285 -0.981447 -0.928024 -0.798481 -0.580782 -0.283667 0.0483247 0.356757 0.605765 0.793962 0.927625 0.996099 0.972062 0.830194 0.576005 0.251774 -0.0866394 -0.388244 -0.62031 -0.778204 -0.870157 -0.899454 -0.869723 -0.784478 -0.637929 -0.428854 -0.175203 0.10116 0.383475 0.643386 0.843064 0.962307 

0.99964 0.955896 0.812101 0.582325 0.304618 0.00770079 -0.296864 -0.586647 -0.816065 -0.948414 -0.982467 -0.936792 -0.815402 -0.606126 -0.314948 0.0161856 0.328588 0.583601 0.777597 0.917192 0.993415 0.979768 0.849435 0.604576 0.284835 -0.0544545 -0.361212 -0.600441 -0.765381 -0.863781 -0.899181 -0.875194 -0.795761 -0.655398 -0.451768 -0.20159 0.0732559 0.356252 0.620106 0.826716 0.954085 

0.999103 0.964773 0.83035 0.607459 0.333253 0.0377367 -0.267073 -0.560385 -0.797492 -0.939602 -0.982649 -0.944766 -0.831496 -0.630739 -0.345864 -0.0160849 0.299931 0.560845 0.760645 0.906084 0.989837 0.986384 0.867622 0.632432 0.317689 -0.0219894 -0.333575 -0.579861 -0.751882 -0.856776 -0.898313 -0.880088 -0.806447 -0.672281 -0.474225 -0.227718 0.0454045 0.328814 0.596296 0.809621 0.94503 

0.997674 0.97271 0.847773 0.632057 0.361633 0.0677065 -0.237109 -0.533583 -0.778056 -0.929849 -0.981986 -0.951947 -0.84676 -0.6546 -0.376372 -0.0484434 0.270809 0.537504 0.743111 0.894316 0.985386 0.991918 0.884737 0.65953 0.350286 0.0107143 -0.305355 -0.558574 -0.7377 -0.849137 -0.896849 -0.884404 -0.816534 -0.688573 -0.496211 -0.253567 0.0176293 0.30119 0.571985 0.791794 0.935149 

0.995358 0.979705 0.864352 0.656091 0.389733 0.0975892 -0.207003 -0.506276 -0.757779 -0.919154 -0.980471 -0.958333 -0.861193 -0.677689 -0.406432 -0.0808459 0.241248 0.513583 0.724999 0.881902 0.980083 0.996382 0.900767 0.685833 0.382575 0.0436138 -0.276577 -0.536586 -0.722834 -0.840861 -0.894785 -0.888143 -0.826025 -0.704267 -0.51771 -0.279116 -0.0100466 0.273408 0.5472 0.773254 0.924451 

0.992163 0.985757 0.880068 0.679531 0.417529 0.127364 -0.176783 -0.478498 -0.736685 -0.907519 -0.978094 -0.963921 -0.874793 -0.699989 -0.436002 -0.113247 0.211278 0.489091 0.70631 0.868854 0.973949 0.999788 0.915698 0.711301 0.414507 0.0766653 -0.247266 -0.513905 -0.707279 -0.831943 -0.892118 -0.891303 -0.834921 -0.719358 -0.538707 -0.304347 -0.0376009 0.245497 0.521969 0.754017 0.912944 

0.988094 0.990865 0.894905 0.702351 0.444997 0.157009 -0.146478 -0.450286 -0.714797 -0.894948 -0.974851 -0.968712 -0.887561 -0.721482 -0.465045 -0.145602 0.180928 0.464037 0.687049 0.855185 0.967006 1.00215 0.92952 0.735898 0.446034 0.109823 -0.217451 -0.490538 -0.691033 -0.822379 -0.888845 -0.893885 -0.843222 -0.733844 -0.559189 -0.32924 -0.0650114 0.217486 0.496321 0.734103 0.900639 

0.983159 0.995031 0.908848 0.724522 0.472111 0.186506 -0.116115 -0.421673 -0.692142 -0.881444 -0.970732 -0.972701 -0.899498 -0.742156 -0.493524 -0.177866 0.150229 0.43843 0.667217 0.840905 0.959275 1.00349 0.942228 0.759591 0.477106 0.143042 -0.187162 -0.466496 -0.674096 -0.812164 -0.884962 -0.895888 -0.850931 -0.747719 -0.579143 -0.353778 -0.0922563 0.189401 0.470285 0.713531 0.887544 

0.977366 0.998256 0.921882 0.746019 0.498845 0.215832 -0.0857207 -0.392696 -0.668748 -0.867014 -0.965733 -0.975887 -0.910605 -0.761998 -0.521404 -0.209991 0.119214 0.412284 0.646818 0.826026 0.950775 1.00381 0.953816 0.782348 0.507675 0.176275 -0.156431 -0.44179 -0.656465 -0.801294 -0.880467 -0.89731 -0.858048 -0.760981 -0.598556 -0.377941 -0.119315 0.16127 0.44389 0.692321 0.87367 

0.970723 1.00054 0.933997 0.766814 0.525176 0.244968 -0.0553214 -0.36339 -0.644643 -0.851667 -0.959846 -0.978266 -0.920882 -0.780999 -0.54865 -0.241933 0.0879199 0.385611 0.625854 0.810556 0.941527 1.00314 0.964282 0.804139 0.537695 0.209474 -0.125291 -0.416435 -0.63814 -0.789766 -0.875354 -0.89815 -0.864575 -0.773629 -0.617417 -0.401713 -0.146165 0.13312 0.417167 0.670497 0.85903 

0.963238 1.0019 0.94518 0.786883 0.551075 0.273892 -0.0249424 -0.33379 -0.619858 -0.835413 -0.953068 -0.979835 -0.930333 -0.799148 -0.575232 -0.273646 0.0563819 0.358427 0.604329 0.794503 0.931551 1.0015 0.973625 0.824937 0.56712 0.24259 -0.093777 -0.390446 -0.619123 -0.777575 -0.869621 -0.898408 -0.870515 -0.785661 -0.635716 -0.425077 -0.172788 0.104977 0.390144 0.64808 0.843634 

0.95492 1.00232 0.955423 0.806201 0.576518 0.302585 0.00539163 -0.303931 -0.594424 -0.818263 -0.945392 -0.980591 -0.938959 -0.816439 -0.601118 -0.305084 0.0246383 0.330749 0.582247 0.777877 0.920865 0.998911 0.98185 0.844717 0.595903 0.275576 -0.0619267 -0.363838 -0.599416 -0.764718 -0.863263 -0.898079 -0.875867 -0.797075 -0.653441 -0.448015 -0.199164 0.0768674 0.362853 0.625094 0.827497 

0.945778 1.00183 0.964717 0.824743 0.601477 0.331025 0.0356567 -0.273846 -0.568374 -0.800231 -0.936816 -0.980528 -0.946762 -0.832867 -0.626282 -0.336204 -0.00727138 0.302595 0.559611 0.760683 0.909489 0.995386 0.988959 0.863456 0.624003 0.308382 -0.029778 -0.336632 -0.57902 -0.751192 -0.856276 -0.897164 -0.880634 -0.807872 -0.670585 -0.470512 -0.225272 0.0488164 0.335323 0.601562 0.81063 

0.935823 1.00042 0.973057 0.842489 0.625927 0.359191 0.0658296 -0.243569 -0.541742 -0.781332 -0.927337 -0.979644 -0.953745 -0.848428 -0.650698 -0.36696 -0.0393067 0.273987 0.536427 0.742927 0.897439 0.990951 0.99496 0.881134 0.651376 0.340958 0.00262919 -0.308848 -0.557941 -0.736994 -0.848657 -0.895659 -0.884818 -0.818052 -0.68714 -0.492551 -0.251094 0.0208487 0.307584 0.577511 0.79305 

0.925064 0.998094 0.980438 0.859416 0.649841 0.387063 0.0958874 -0.213134 -0.514561 -0.761585 -0.916953 -0.977932 -0.959909 -0.863118 -0.674341 -0.39731 -0.0714258 0.244946 0.5127 0.724617 0.884733 0.985628 0.999862 0.897733 0.677981 0.373256 0.0352537 -0.280507 -0.536184 -0.722121 -0.8404 -0.893562 -0.888419 -0.827615 -0.703096 -0.514119 -0.276612 -0.00701121 0.279667 0.552966 0.774771 

0.913511 0.994871 0.986855 0.875503 0.673193 0.414619 0.125808 -0.182574 -0.486866 -0.741007 -0.905663 -0.975389 -0.965255 -0.876937 -0.697191 -0.427212 -0.103586 0.215497 0.488437 0.705756 0.871386 0.979438 1.00367 0.913239 0.70378 0.405226 0.0680531 -0.251635 -0.513754 -0.706572 -0.831503 -0.890869 -0.891438 -0.836563 -0.718449 -0.535201 -0.301807 -0.0347398 0.251601 0.527953 0.755808 

0.901176 0.990757 0.992306 0.890731 0.695956 0.441837 0.15557 -0.15192 -0.458694 -0.719619 -0.893469 -0.97201 -0.969787 -0.889883 -0.719226 -0.456624 -0.135744 0.185665 0.463646 0.68635 0.857414 0.972404 1.00641 0.927639 0.728735 0.436819 0.100984 -0.222257 -0.490661 -0.690345 -0.82196 -0.887579 -0.893876 -0.844896 -0.733191 -0.555782 -0.326661 -0.0623138 0.223417 0.5025 0.736179 

0.88807 0.985761 0.996792 0.905082 0.718104 0.468695 0.185152 -0.121203 -0.43008 -0.697445 -0.880373 -0.967791 -0.973505 -0.901957 -0.740429 -0.485506 -0.167856 0.155478 0.438336 0.666404 0.842831 0.96455 1.00809 0.940922 0.752811 0.467987 0.134 -0.1924 -0.466913 -0.67344 -0.811768 -0.883686 -0.895733 -0.852617 -0.747318 -0.57585 -0.351158 -0.0897108 0.195143 0.476635 0.715902 

0.874205 0.979891 1.00031 0.918541 0.739611 0.495172 0.214532 -0.0904542 -0.40106 -0.674508 -0.866379 -0.962726 -0.97641 -0.913161 -0.760785 -0.513821 -0.199877 0.124966 0.412515 0.645921 0.827651 0.955896 1.00871 0.953081 0.775975 0.498682 0.167058 -0.162095 -0.442521 -0.655856 -0.800924 -0.879189 -0.897011 -0.859727 -0.760826 -0.595392 -0.375282 -0.116909 0.166809 0.450386 0.694995 

0.859593 0.97316 1.00287 0.93109 0.760452 0.521245 0.243692 -0.0597027 -0.371671 -0.650835 -0.85149 -0.956811 -0.978504 -0.923497 -0.780279 -0.541532 -0.231762 0.0941601 0.386197 0.624905 0.811884 0.946466 1.00831 0.964111 0.798194 0.528856 0.200109 -0.131373 -0.417498 -0.637594 -0.789423 -0.874082 -0.897709 -0.866228 -0.77371 -0.614396 -0.399015 -0.143887 0.138443 0.423782 0.673477 

0.844246 0.965577 1.00447 0.942716 0.780601 0.546891 0.27261 -0.0289774 -0.341951 -0.626451 -0.835715 -0.950042 -0.979786 -0.932967 -0.798899 -0.568602 -0.263466 0.0630928 0.359393 0.603362 0.795544 0.936281 1.0069 0.974008 0.819439 0.558463 0.233107 -0.100266 -0.391856 -0.618657 -0.777263 -0.868363 -0.897826 -0.872123 -0.785968 -0.63285 -0.422341 -0.170623 0.110075 0.396852 0.651369 

0.828178 0.957153 1.0051 0.953408 0.800035 0.572088 0.301267 0.00169369 -0.311935 -0.601387 -0.81906 -0.942415 -0.980257 -0.941575 -0.816636 -0.595 -0.294943 0.0317985 0.332118 0.581296 0.778641 0.925362 1.0045 0.982773 0.839684 0.587458 0.266003 -0.0688086 -0.365613 -0.599046 -0.76444 -0.862026 -0.897362 -0.877413 -0.797596 -0.650745 -0.445247 -0.197099 0.0817316 0.369626 0.628691 

0.811402 0.947902 1.00479 0.963153 0.818728 0.596812 0.329643 0.0322835 -0.28166 -0.575672 -0.801537 -0.933928 -0.979917 -0.949325 -0.833481 -0.620692 -0.32615 0.000313377 0.304387 0.558711 0.761185 0.913732 1.00112 0.990406 0.858904 0.615796 0.298749 -0.0370377 -0.338784 -0.578764 -0.750952 -0.855069 -0.896316 -0.882102 -0.808595 -0.668069 -0.467716 -0.223295 0.0534406 0.342134 0.605465 

0.793933 0.937834 1.00354 0.971942 0.836657 0.62104 0.357718 0.0627657 -0.251162 -0.549337 -0.783157 -0.924577 -0.978764 -0.95622 -0.849428 -0.64565 -0.35704 -0.0313254 0.276219 0.535611 0.743184 0.901409 0.996797 0.996913 0.877077 0.643434 0.331297 -0.00499085 -0.311389 -0.557817 -0.736796 -0.847486 -0.894687 -0.886192 -0.818961 -0.684814 -0.489734 -0.249191 0.025229 0.314406 0.581715 

0.775785 0.926963 1.00135 0.979768 0.853801 0.644748 0.385474 0.0931149 -0.220478 -0.522415 -0.763933 -0.91436 -0.976798 -0.962266 -0.864472 -0.669846 -0.387571 -0.0630792 0.247631 0.512004 0.724648 0.888414 0.991545 1.0023 0.894182 0.67033 0.363598 0.0272929 -0.283448 -0.536209 -0.721972 -0.839274 -0.892474 -0.889684 -0.828695 -0.70097 -0.511288 -0.27477 -0.00287709 0.286472 0.557463 

0.756975 0.915301 0.998227 0.986623 0.870136 0.667914 0.41289 0.123306 -0.189644 -0.494941 -0.74388 -0.903277 -0.974018 -0.967466 -0.878609 -0.693252 -0.417698 -0.0949082 0.218645 0.487895 0.705583 0.874766 0.985389 1.00657 0.910202 0.696445 0.395602 0.059773 -0.254983 -0.513948 -0.706476 -0.830429 -0.889673 -0.892582 -0.837797 -0.716531 -0.532364 -0.300014 -0.0308519 0.258363 0.532734 

0.737517 0.902861 0.994188 0.992503 0.885643 0.690512 0.439948 0.153316 -0.158693 -0.466947 -0.723016 -0.891327 -0.970422 -0.971825 -0.891837 -0.715847 -0.447379 -0.126772 0.189284 0.46329 0.685997 0.860483 0.978351 1.00974 0.925121 0.72174 0.427261 0.0924076 -0.226018 -0.491041 -0.690309 -0.820945 -0.886284 -0.894888 -0.846268 -0.731488 -0.552949 -0.324905 -0.0586705 0.23011 0.507553 

0.717428 0.889658 0.989241 0.997405 0.900301 0.71252 0.466627 0.183121 -0.127661 -0.43847 -0.701358 -0.878511 -0.966009 -0.975347 -0.904156 -0.737607 -0.476572 -0.158628 0.15957 0.438198 0.665896 0.845582 0.970456 1.01183 0.938928 0.746177 0.458525 0.125154 -0.196578 -0.467498 -0.673471 -0.81082 -0.882303 -0.896602 -0.854107 -0.745835 -0.57303 -0.349428 -0.0863085 0.201742 0.481945 

0.696726 0.875704 0.983396 1.00133 0.914092 0.733913 0.492909 0.212699 -0.0965817 -0.409545 -0.678927 -0.86483 -0.960776 -0.978037 -0.915566 -0.758514 -0.505237 -0.190433 0.129531 0.412627 0.645287 0.83008 0.961726 1.01283 0.951611 0.769723 0.489348 0.157967 -0.166692 -0.443328 -0.655961 -0.800049 -0.877728 -0.897728 -0.861316 -0.759567 -0.592597 -0.373567 -0.113742 0.17329 0.455937 

0.675429 0.861014 0.976666 1.00426 0.926998 0.754668 0.518774 0.242029 -0.0654879 -0.38021 -0.655746 -0.850288 -0.954722 -0.979899 -0.926069 -0.778549 -0.533333 -0.222146 0.0991937 0.386587 0.624175 0.813992 0.952186 1.01278 0.963163 0.792344 0.519681 0.190803 -0.136387 -0.418545 -0.637783 -0.788629 -0.872556 -0.898267 -0.867898 -0.772676 -0.611636 -0.397305 -0.140949 0.144784 0.429556 

0.653555 0.845602 0.969064 1.00622 0.939003 0.774761 0.544201 0.271088 -0.034412 -0.350501 -0.631837 -0.834888 -0.947845 -0.980936 -0.935668 -0.797698 -0.560824 -0.253722 0.0685873 0.360089 0.602565 0.797334 0.941859 1.01168 0.973578 0.814008 0.549477 0.223614 -0.105694 -0.39316 -0.618936 -0.776556 -0.866783 -0.898219 -0.873853 -0.78516 -0.630138 -0.420629 -0.167907 0.116254 0.402829 

0.631123 0.829484 0.960601 1.0072 0.950091 0.79417 0.569172 0.299857 -0.00338545 -0.320456 -0.607226 -0.818637 -0.940144 -0.981153 -0.944367 -0.815945 -0.587671 -0.285116 0.0377428 0.333145 0.580465 0.780118 0.930768 1.00955 0.982854 0.834689 0.57869 0.256356 -0.0746464 -0.36719 -0.599426 -0.763826 -0.860406 -0.897587 -0.879184 -0.797015 -0.648093 -0.443525 -0.194594 0.0877294 0.375785 

0.608153 0.812674 0.951292 1.00721 0.960248 0.81287 0.593666 0.328315 0.0275611 -0.290113 -0.58194 -0.801542 -0.931615 -0.980553 -0.952169 -0.833281 -0.613841 -0.316285 0.00669245 0.305768 0.557878 0.762358 0.918937 1.00642 0.99099 0.854358 0.607275 0.288979 -0.0432768 -0.340649 -0.579255 -0.750438 -0.853421 -0.89637 -0.883894 -0.808235 -0.665489 -0.465978 -0.220989 0.0592391 0.348452 

0.584666 0.795187 0.941152 1.00625 0.969463 0.83084 0.617663 0.356443 0.0583978 -0.259509 -0.556008 -0.783611 -0.922259 -0.979139 -0.95908 -0.849695 -0.639301 -0.347185 -0.0245297 0.277974 0.53481 0.744065 0.906389 1.0023 0.997987 0.872991 0.635188 0.321437 -0.011621 -0.313557 -0.558428 -0.736389 -0.845824 -0.894569 -0.887985 -0.81882 -0.682318 -0.487976 -0.247074 0.030812 0.320859 

0.560683 0.77704 0.930195 1.00432 0.977725 0.848057 0.641143 0.384222 0.0890961 -0.228681 -0.529458 -0.764853 -0.912074 -0.976913 -0.965106 -0.865178 -0.664017 -0.377771 -0.0558884 0.249779 0.511268 0.725252 0.893145 0.99722 1.00385 0.890567 0.662386 0.353681 0.0202843 -0.285931 -0.536952 -0.721677 -0.837611 -0.892184 -0.891459 -0.828767 -0.698571 -0.509505 -0.272829 0.00247616 0.293035 

0.536226 0.758249 0.918435 1.00144 0.985023 0.8645 0.664085 0.411634 0.119628 -0.197669 -0.502323 -0.745282 -0.901059 -0.973878 -0.970252 -0.879727 -0.687962 -0.407999 -0.087347 0.2212 0.487256 0.705927 0.879227 0.991198 1.00858 0.907066 0.688827 0.385663 0.0524008 -0.257793 -0.514833 -0.7063 -0.828779 -0.889215 -0.89432 -0.838074 -0.71424 -0.530554 -0.298235 -0.0257407 0.26501 

0.511318 0.738829 0.90589 0.997618 0.991349 0.880148 0.686468 0.438659 0.149967 -0.166508 -0.474634 -0.724909 -0.889214 -0.970037 -0.974525 -0.893335 -0.711108 -0.437826 -0.118867 0.192258 0.462783 0.686102 0.864657 0.984257 1.01219 0.92247 0.714473 0.417333 0.084689 -0.229166 -0.49208 -0.690258 -0.819323 -0.885662 -0.896571 -0.84674 -0.729316 -0.551111 -0.323274 -0.0538117 0.236814 

0.485982 0.718798 0.892573 0.992855 0.996698 0.894979 0.708272 0.465279 0.180086 -0.135236 -0.446424 -0.70375 -0.876541 -0.965389 -0.977932 -0.906001 -0.733428 -0.46721 -0.150411 0.162972 0.437855 0.665784 0.849455 0.976422 1.0147 0.936765 0.739284 0.448645 0.117108 -0.200072 -0.468702 -0.67355 -0.809239 -0.881522 -0.898213 -0.854765 -0.743794 -0.571165 -0.347931 -0.0817103 0.208477 

0.460243 0.698173 0.878503 0.987167 1.00106 0.908976 0.729475 0.491478 0.209961 -0.10389 -0.417729 -0.681822 -0.863039 -0.959938 -0.980479 -0.917723 -0.754899 -0.496108 -0.181937 0.133366 0.41248 0.644983 0.833639 0.967716 1.0161 0.949938 0.763224 0.479549 0.149616 -0.170539 -0.444709 -0.656177 -0.798524 -0.876796 -0.89925 -0.862148 -0.757666 -0.590705 -0.372189 -0.109411 0.180029 

0.434124 0.676972 0.863695 0.980565 1.00444 0.922118 0.750058 0.517236 0.239568 -0.0725053 -0.388584 -0.659142 -0.848712 -0.953685 -0.982173 -0.928501 -0.7755 -0.524479 -0.213405 0.103464 0.386666 0.623706 0.81723 0.958165 1.01641 0.961979 0.786259 0.509998 0.182169 -0.140593 -0.420114 -0.638141 -0.787172 -0.87148 -0.899685 -0.86889 -0.770925 -0.609721 -0.396032 -0.136888 0.1515 

0.407652 0.655213 0.848166 0.973062 1.00684 0.934389 0.769998 0.542536 0.268883 -0.0411177 -0.359024 -0.63573 -0.833561 -0.946629 -0.983021 -0.938338 -0.795211 -0.552284 -0.244773 0.0732926 0.360423 0.60196 0.800244 0.947792 1.01566 0.97288 0.808355 0.539945 0.214724 -0.110263 -0.394929 -0.619443 -0.775182 -0.865574 -0.899519 -0.874992 -0.783568 -0.628204 -0.419447 -0.164119 0.12292 

0.380851 0.632914 0.831934 0.964673 1.00824 0.945771 0.789275 0.567361 0.297884 -0.00976188 -0.329088 -0.611609 -0.817593 -0.938773 -0.98303 -0.947237 -0.814015 -0.579483 -0.275999 0.0428781 0.333761 0.579753 0.782698 0.936623 1.01385 0.982636 0.829482 0.569343 0.247235 -0.0795785 -0.369169 -0.600086 -0.762548 -0.859075 -0.898756 -0.880456 -0.795587 -0.646143 -0.442418 -0.191079 0.0943203 

0.353749 0.610095 0.815014 0.955412 1.00865 0.956249 0.807869 0.591693 0.326549 0.0215283 -0.298811 -0.586801 -0.80081 -0.930116 -0.982207 -0.9552 -0.831896 -0.606039 -0.30704 0.0122501 0.306693 0.557091 0.76461 0.924682 1.01101 0.991245 0.849612 0.598145 0.279658 -0.0485722 -0.34285 -0.580075 -0.749269 -0.85198 -0.897397 -0.885281 -0.80698 -0.66353 -0.464933 -0.217745 0.0657295 

0.326373 0.586775 0.797426 0.945294 1.00808 0.965808 0.825758 0.615514 0.354858 0.0527197 -0.268233 -0.561331 -0.783221 -0.92066 -0.980557 -0.962234 -0.848841 -0.631916 -0.337853 -0.0185608 0.279231 0.53398 0.745993 0.911993 1.00715 0.998706 0.868718 0.626308 0.311945 -0.017277 -0.31599 -0.559414 -0.735342 -0.844287 -0.895444 -0.889471 -0.817742 -0.680356 -0.48698 -0.244097 0.0371775 

0.298749 0.562973 0.779186 0.934336 1.00653 0.974435 0.842921 0.638807 0.38279 0.0837802 -0.237391 -0.535226 -0.764832 -0.910406 -0.978087 -0.968345 -0.86484 -0.657079 -0.368395 -0.0495225 0.251389 0.510429 0.726862 0.898581 1.0023 1.00502 0.886776 0.653787 0.34405 0.0142723 -0.288607 -0.538109 -0.720763 -0.835993 -0.8929 -0.893027 -0.827869 -0.696614 -0.508545 -0.270113 0.00869363 

0.270906 0.538711 0.760312 0.922554 1.00401 0.982119 0.85934 0.661554 0.410327 0.114679 -0.206324 -0.508513 -0.745653 -0.899354 -0.974803 -0.973538 -0.879882 -0.681497 -0.398622 -0.0806015 0.223182 0.486442 0.707231 0.884469 0.99647 1.01019 0.903764 0.680539 0.375925 0.0460396 -0.260721 -0.516167 -0.705532 -0.827095 -0.889764 -0.895952 -0.837359 -0.712297 -0.529618 -0.295773 -0.0196932 

0.242871 0.51401 0.740823 0.909966 1.00051 0.988848 0.874993 0.683737 0.437448 0.145384 -0.175071 -0.481221 -0.725694 -0.887505 -0.970711 -0.977822 -0.89396 -0.705138 -0.428491 -0.111763 0.194627 0.462027 0.687112 0.869681 0.989692 1.01423 0.919662 0.706524 0.407524 0.0779876 -0.232354 -0.493596 -0.689646 -0.817589 -0.886039 -0.898249 -0.84621 -0.727396 -0.550189 -0.321058 -0.0479545 

0.214675 0.488891 0.720737 0.896588 0.996055 0.994613 0.889862 0.705339 0.464137 0.175868 -0.143669 -0.453381 -0.704967 -0.874861 -0.965814 -0.981205 -0.907069 -0.727972 -0.457959 -0.14297 0.165743 0.437191 0.666517 0.854239 0.981988 1.01713 0.934454 0.731702 0.438798 0.110077 -0.203529 -0.470405 -0.673106 -0.807472 -0.881725 -0.899919 -0.854419 -0.741905 -0.570246 -0.34595 -0.0760624 

0.186345 0.463376 0.700072 0.88244 0.990649 0.999406 0.903926 0.726342 0.490375 0.206102 -0.112157 -0.425026 -0.683484 -0.861424 -0.960119 -0.983695 -0.919206 -0.749973 -0.486984 -0.174187 0.136548 0.411942 0.645456 0.838166 0.97338 1.01892 0.948125 0.756034 0.4697 0.142269 -0.174271 -0.446606 -0.655911 -0.79674 -0.876822 -0.900966 -0.861984 -0.755818 -0.58978 -0.370431 -0.103989 

0.15791 0.437488 0.678848 0.867541 0.984304 1.00322 0.917169 0.746728 0.516146 0.236059 -0.080574 -0.396188 -0.661262 -0.847196 -0.95363 -0.9853 -0.930369 -0.771115 -0.515525 -0.205374 0.107065 0.386287 0.623941 0.821482 0.963894 1.0196 0.960663 0.779484 0.500183 0.174522 -0.144607 -0.422208 -0.638062 -0.785391 -0.871331 -0.901392 -0.868906 -0.769128 -0.608783 -0.394485 -0.131709 

0.1294 0.41125 0.657082 0.851908 0.977031 1.00605 0.929572 0.766478 0.541432 0.265712 -0.0489566 -0.3669 -0.638316 -0.83218 -0.946351 -0.98603 -0.940556 -0.791376 -0.543539 -0.236492 0.0773159 0.360235 0.601981 0.804209 0.953555 1.01919 0.972058 0.802017 0.530199 0.206795 -0.114562 -0.397227 -0.61956 -0.773421 -0.865251 -0.901201 -0.875183 -0.781832 -0.627246 -0.418096 -0.159194 

0.100844 0.384686 0.634794 0.835562 0.968843 1.0079 0.941117 0.785575 0.566217 0.295037 -0.0173423 -0.3372 -0.614664 -0.81638 -0.938286 -0.985894 -0.949771 -0.810733 -0.570987 -0.267501 0.0473251 0.333796 0.579584 0.786366 0.942387 1.0177 0.982302 0.823601 0.559703 0.239043 -0.0841678 -0.371675 -0.600408 -0.760826 -0.858583 -0.900394 -0.880814 -0.793922 -0.64516 -0.44125 -0.186421 

0.0722714 0.357819 0.612003 0.818522 0.959755 1.00876 0.95179 0.804001 0.590484 0.324009 0.0142321 -0.307122 -0.590326 -0.7998 -0.929439 -0.984901 -0.958014 -0.829169 -0.59783 -0.29836 0.0171184 0.30698 0.556761 0.767972 0.930417 1.01515 0.99139 0.844205 0.588647 0.271224 -0.0534534 -0.34557 -0.580609 -0.747604 -0.851325 -0.898976 -0.885801 -0.805396 -0.662517 -0.463933 -0.213363 

0.0437118 0.330676 0.58873 0.800808 0.949782 1.00862 0.961573 0.821738 0.614219 0.352605 0.0457308 -0.276703 -0.565324 -0.782445 -0.919813 -0.983061 -0.965291 -0.846666 -0.62403 -0.329027 -0.0132766 0.279797 0.533518 0.749045 0.917669 1.01156 0.99932 0.863801 0.616986 0.303292 -0.022451 -0.318926 -0.560167 -0.733752 -0.843476 -0.896948 -0.890144 -0.816248 -0.679312 -0.48613 -0.239998 

0.0151944 0.303281 0.564993 0.78244 0.938941 1.0075 0.970454 0.838767 0.637405 0.380803 0.0771184 -0.245981 -0.539679 -0.764322 -0.909412 -0.980382 -0.971606 -0.863209 -0.64955 -0.359461 -0.0438312 0.252261 0.509865 0.729603 0.90417 1.00695 1.00609 0.882361 0.644677 0.335204 0.00880632 -0.291764 -0.539088 -0.719267 -0.835035 -0.894313 -0.893844 -0.826474 -0.695537 -0.507831 -0.266302 

-0.0132518 0.275659 0.540814 0.763438 0.927248 1.0054 0.978417 0.855071 0.660027 0.408582 0.108361 -0.214995 -0.513417 -0.745437 -0.898238 -0.976873 -0.976967 -0.878785 -0.674355 -0.389619 -0.074515 0.224384 0.485809 0.709662 0.889944 1.00133 1.01171 0.899862 0.671676 0.366913 0.0402839 -0.264103 -0.517377 -0.704148 -0.826 -0.891074 -0.896901 -0.836072 -0.711185 -0.529024 -0.292254 

-0.0415979 0.247837 0.516212 0.743822 0.914721 1.00232 0.985452 0.870632 0.68207 0.435921 0.139424 -0.183781 -0.486563 -0.7258 -0.886295 -0.972544 -0.98138 -0.893384 -0.698412 -0.419459 -0.105296 0.19618 0.461357 0.689238 0.875016 0.994738 1.01617 0.916282 0.697941 0.398373 0.0719459 -0.235965 -0.495042 -0.688392 -0.81637 -0.887232 -0.899318 -0.845037 -0.726251 -0.549697 -0.317831 

-0.0698153 0.219841 0.491209 0.723613 0.90138 0.998258 0.991546 0.885433 0.703517 0.462802 0.170275 -0.15238 -0.459144 -0.70542 -0.873587 -0.967403 -0.984854 -0.906998 -0.721688 -0.448939 -0.136142 0.167666 0.436518 0.668344 0.859411 0.987189 1.01949 0.931601 0.72343 0.429539 0.103755 -0.207371 -0.472092 -0.671999 -0.806142 -0.882791 -0.901096 -0.853368 -0.740729 -0.569842 -0.343014 

-0.0978757 0.191698 0.465826 0.702832 0.887244 0.993232 0.996691 0.899455 0.724355 0.489205 0.200884 -0.120829 -0.431189 -0.684307 -0.860116 -0.961458 -0.987397 -0.919619 -0.744154 -0.478016 -0.167017 0.138858 0.411298 0.646996 0.843152 0.978708 1.02166 0.945802 0.748105 0.460363 0.135674 -0.178347 -0.448537 -0.654967 -0.795315 -0.877752 -0.902237 -0.861062 -0.754614 -0.589448 -0.367784 

-0.125752 0.163436 0.440083 0.681498 0.872331 0.987247 1.00088 0.912683 0.744567 0.515113 0.231218 -0.0891687 -0.402729 -0.662474 -0.845886 -0.954717 -0.989021 -0.931243 -0.765781 -0.506649 -0.197886 0.109775 0.385708 0.625205 0.826263 0.969319 1.02272 0.958871 0.771926 0.4908 0.167663 -0.148917 -0.424387 -0.637298 -0.783886 -0.872116 -0.902743 -0.868116 -0.767901 -0.608507 -0.392121 

-0.153415 0.135081 0.414004 0.659632 0.856664 0.980313 1.0041 0.925098 0.764139 0.540508 0.26125 -0.0574372 -0.373795 -0.639935 -0.830901 -0.947187 -0.989734 -0.941866 -0.786542 -0.534795 -0.228713 0.080437 0.359754 0.602985 0.808768 0.959049 1.02265 0.970795 0.794859 0.520803 0.199682 -0.119109 -0.399655 -0.618991 -0.771854 -0.865885 -0.902617 -0.874531 -0.780586 -0.627011 -0.416009 

-0.18084 0.106663 0.38761 0.637256 0.840263 0.972442 1.00634 0.936686 0.783055 0.565374 0.29095 -0.0256733 -0.344419 -0.616703 -0.815165 -0.938877 -0.989548 -0.951489 -0.806414 -0.562415 -0.259459 0.0508644 0.333446 0.580347 0.790687 0.947921 1.02149 0.981564 0.816868 0.550326 0.231689 -0.088951 -0.374355 -0.600049 -0.759215 -0.85906 -0.90186 -0.880303 -0.792664 -0.644953 -0.439431 

-0.208 0.0782074 0.360924 0.614391 0.82315 0.963647 1.00761 0.947431 0.801301 0.589696 0.320292 0.00608452 -0.314635 -0.592797 -0.798683 -0.929792 -0.988474 -0.96011 -0.825373 -0.589468 -0.290086 0.0210805 0.306794 0.557303 0.772043 0.935963 1.01924 0.991171 0.837921 0.579325 0.263643 -0.0584727 -0.348501 -0.580473 -0.745968 -0.851643 -0.900477 -0.885432 -0.804131 -0.662325 -0.462371 

-0.23487 0.0497437 0.333969 0.591056 0.805346 0.953941 1.0079 0.957317 0.81886 0.613457 0.349248 0.0377983 -0.284478 -0.568233 -0.781459 -0.919941 -0.986523 -0.967733 -0.843399 -0.615915 -0.320555 -0.00889082 0.279807 0.533861 0.752856 0.9232 1.01592 0.999611 0.857986 0.607753 0.2955 -0.027705 -0.322111 -0.560268 -0.73211 -0.843633 -0.898468 -0.889918 -0.814984 -0.679123 -0.484815 

-0.261425 0.0212998 0.306767 0.567273 0.786873 0.94334 1.00721 0.966329 0.835718 0.636644 0.377795 0.0694305 -0.253984 -0.543032 -0.7635 -0.909328 -0.983706 -0.974362 -0.860474 -0.641718 -0.350824 -0.0390237 0.252496 0.510034 0.733146 0.909658 1.01155 1.00688 0.877036 0.635568 0.327219 0.00331956 -0.295202 -0.539436 -0.71764 -0.835032 -0.895837 -0.893761 -0.825219 -0.695339 -0.50675 

-0.28764 -0.00709608 0.279344 0.543063 0.767754 0.93186 1.00554 0.974455 0.85186 0.659241 0.405908 0.100944 -0.223189 -0.517213 -0.744812 -0.897961 -0.980036 -0.980001 -0.876582 -0.66684 -0.380855 -0.0692912 0.224873 0.485829 0.712931 0.895365 1.00616 1.01298 0.895044 0.662724 0.358753 0.0345675 -0.267793 -0.517984 -0.702556 -0.825839 -0.892586 -0.896959 -0.834833 -0.710969 -0.528162 

-0.313493 -0.0354158 0.251722 0.518447 0.748011 0.919519 1.00288 0.981682 0.867271 0.681235 0.433565 0.132303 -0.192131 -0.4908 -0.725402 -0.885844 -0.975523 -0.984657 -0.891708 -0.691245 -0.410604 -0.0996645 0.196951 0.461257 0.692231 0.880345 0.99976 1.01791 0.911985 0.68918 0.39006 0.0660039 -0.239904 -0.495918 -0.686857 -0.816055 -0.888718 -0.899514 -0.843824 -0.726008 -0.54904 

-0.338962 -0.0636313 0.223927 0.493447 0.727667 0.906335 0.999253 0.987996 0.881935 0.702612 0.460743 0.163472 -0.160847 -0.463816 -0.705279 -0.872984 -0.97018 -0.988337 -0.905841 -0.714899 -0.440032 -0.130114 0.168743 0.436326 0.671062 0.864625 0.992375 1.02168 0.927837 0.714895 0.421094 0.0975928 -0.211559 -0.473245 -0.670542 -0.805679 -0.884236 -0.901427 -0.852189 -0.740451 -0.569372 

-0.364024 -0.0917146 0.195983 0.468084 0.706745 0.892327 0.994649 0.993388 0.895838 0.723359 0.487423 0.194416 -0.129376 -0.436287 -0.684452 -0.859386 -0.964017 -0.991051 -0.918971 -0.73777 -0.469096 -0.160608 0.140265 0.411046 0.649442 0.848231 0.98403 1.02429 0.942581 0.739828 0.451811 0.129297 -0.182779 -0.449974 -0.653609 -0.794712 -0.879141 -0.902697 -0.859925 -0.754295 -0.58915 

-0.38866 -0.119638 0.167915 0.442378 0.685268 0.877515 0.989078 0.997847 0.908965 0.743463 0.513585 0.225102 -0.0977562 -0.408239 -0.662931 -0.845057 -0.957046 -0.992807 -0.931089 -0.759826 -0.497755 -0.191114 0.111532 0.385425 0.627384 0.831186 0.974749 1.02576 0.956199 0.76394 0.482165 0.161079 -0.153591 -0.426114 -0.63606 -0.783152 -0.873438 -0.903326 -0.867031 -0.767536 -0.608364 

-0.41285 -0.147374 0.139749 0.416353 0.663258 0.861921 0.982547 1.00136 0.921301 0.76291 0.53921 0.255498 -0.0660272 -0.379701 -0.640727 -0.83 -0.949277 -0.993618 -0.942191 -0.781039 -0.525968 -0.221598 0.0825612 0.359473 0.604906 0.813517 0.964558 1.02608 0.968676 0.787194 0.512111 0.192899 -0.124021 -0.401678 -0.617893 -0.770999 -0.867127 -0.903315 -0.873504 -0.780171 -0.627005 

-0.436575 -0.174896 0.11151 0.390029 0.640738 0.845566 0.975066 1.00393 0.932832 0.781688 0.564281 0.28557 -0.034228 -0.350703 -0.617853 -0.814223 -0.940722 -0.993493 -0.952271 -0.801381 -0.553693 -0.252026 0.0533714 0.333198 0.582019 0.795246 0.953482 1.02528 0.98 0.809554 0.541605 0.224717 -0.0940959 -0.376677 -0.599112 -0.758252 -0.860212 -0.902666 -0.879344 -0.792197 -0.645066 

-0.459817 -0.202176 0.0832241 0.363428 0.617732 0.828473 0.966645 1.00554 0.943544 0.799784 0.58878 0.31529 -0.00239772 -0.321275 -0.594323 -0.79773 -0.931389 -0.992446 -0.961328 -0.820826 -0.580891 -0.28236 0.0239823 0.306611 0.558739 0.776398 0.941548 1.02337 0.99016 0.830987 0.570603 0.256492 -0.063845 -0.351126 -0.579717 -0.744911 -0.852693 -0.901381 -0.884548 -0.803611 -0.66254 

-0.482561 -0.22919 0.0549179 0.336573 0.594262 0.810665 0.957295 1.00619 0.953423 0.817186 0.612692 0.344628 0.0294246 -0.29145 -0.570153 -0.780528 -0.921291 -0.990488 -0.969362 -0.83935 -0.607521 -0.312565 -0.00558479 0.27972 0.535077 0.756995 0.928783 1.02036 0.99915 0.851458 0.599059 0.288184 -0.0332988 -0.325039 -0.55971 -0.730975 -0.844574 -0.899461 -0.889116 -0.814411 -0.679422 

-0.50479 -0.25591 0.0266175 0.309486 0.570351 0.792164 0.94703 1.00588 0.962456 0.833881 0.636002 0.373556 0.0612002 -0.26126 -0.545357 -0.762623 -0.910435 -0.987633 -0.976375 -0.856933 -0.633545 -0.342602 -0.0353074 0.252538 0.511046 0.737059 0.915214 1.01628 1.00696 0.870939 0.62693 0.319748 -0.00248899 -0.298433 -0.539096 -0.716444 -0.835857 -0.896907 -0.893047 -0.824594 -0.695705 

-0.52649 -0.282312 -0.00165062 0.28219 0.546022 0.772996 0.935864 1.0046 0.97063 0.849857 0.658696 0.402047 0.0928904 -0.23074 -0.519955 -0.744022 -0.898831 -0.983893 -0.982369 -0.873555 -0.658924 -0.372432 -0.0651617 0.225073 0.486658 0.716612 0.900867 1.01114 1.0136 0.889401 0.654174 0.351144 0.0285515 -0.271326 -0.517879 -0.701316 -0.826542 -0.893723 -0.89634 -0.834159 -0.711385 

-0.547647 -0.308372 -0.0298598 0.254706 0.521297 0.753183 0.923813 1.00235 0.977933 0.865102 0.680759 0.430074 0.124457 -0.199926 -0.493965 -0.724732 -0.886489 -0.979284 -0.987349 -0.889198 -0.68362 -0.402016 -0.0951221 0.197339 0.461923 0.695673 0.885771 1.00497 1.01905 0.906817 0.680748 0.382327 0.0597886 -0.243738 -0.496064 -0.685592 -0.816631 -0.889911 -0.898994 -0.843104 -0.726458 

-0.568249 -0.334065 -0.0579834 0.227058 0.4962 0.732751 0.910894 0.999125 0.984354 0.879603 0.702178 0.457615 0.155864 -0.168853 -0.467408 -0.70476 -0.873417 -0.973817 -0.991323 -0.903847 -0.707599 -0.431315 -0.125162 0.169347 0.436852 0.674262 0.869952 0.997776 1.02333 0.923163 0.70661 0.413255 0.0911869 -0.215689 -0.473658 -0.669271 -0.806126 -0.885471 -0.901009 -0.851427 -0.74092 

-0.588284 -0.359369 -0.0859948 0.19927 0.470752 0.711724 0.897126 0.994937 0.98988 0.893349 0.722942 0.484644 0.187072 -0.137559 -0.440307 -0.684117 -0.859622 -0.967507 -0.994296 -0.91749 -0.730826 -0.460287 -0.155253 0.141112 0.411456 0.652398 0.853437 0.989596 1.02643 0.938417 0.731722 0.443882 0.12271 -0.187202 -0.450667 -0.652354 -0.795029 -0.880408 -0.902386 -0.859127 -0.754768 

-0.607742 -0.384261 -0.113867 0.171363 0.444977 0.690128 0.882527 0.989785 0.994502 0.906326 0.743038 0.511142 0.218047 -0.10608 -0.412684 -0.662809 -0.845115 -0.960368 -0.996279 -0.930114 -0.753267 -0.488893 -0.185367 0.112646 0.385744 0.6301 0.836252 0.98045 1.02836 0.952559 0.756043 0.474166 0.154321 -0.158301 -0.4271 -0.634841 -0.78334 -0.874723 -0.903124 -0.866202 -0.767999 

-0.626613 -0.40872 -0.141574 0.143363 0.418896 0.667986 0.867119 0.983673 0.99821 0.918524 0.762454 0.537085 0.248753 -0.0744563 -0.384565 -0.640849 -0.829902 -0.952413 -0.997281 -0.941711 -0.77489 -0.517092 -0.215471 0.083966 0.359728 0.607383 0.818425 0.970363 1.02914 0.965571 0.779535 0.504062 0.18598 -0.129011 -0.402968 -0.616733 -0.77106 -0.868419 -0.903223 -0.872652 -0.780612 

-0.644888 -0.432726 -0.169089 0.115293 0.392533 0.645326 0.850922 0.976609 1.001 0.92993 0.78118 0.562455 0.279156 -0.0427248 -0.355977 -0.618246 -0.813991 -0.943656 -0.997314 -0.952275 -0.795666 -0.544844 -0.245535 0.0550877 0.333416 0.584265 0.799981 0.959361 1.02877 0.977439 0.802164 0.533527 0.217649 -0.0993586 -0.378281 -0.598031 -0.758191 -0.861498 -0.902685 -0.878475 -0.792604 

-0.66256 -0.456258 -0.196387 0.0871758 0.365909 0.62217 0.833958 0.968599 1.00285 0.940532 0.799203 0.587234 0.309222 -0.0109251 -0.326946 -0.595012 -0.79739 -0.93411 -0.99639 -0.961799 -0.815567 -0.572108 -0.275525 0.0260287 0.30682 0.560762 0.780944 0.947472 1.02726 0.988149 0.823892 0.562517 0.249288 -0.0693717 -0.353051 -0.578737 -0.744733 -0.853963 -0.901509 -0.883671 -0.803974 

-0.679621 -0.479299 -0.22344 0.0590369 0.339047 0.598545 0.816251 0.959652 1.00377 0.95032 0.816515 0.611403 0.338919 0.0209039 -0.297502 -0.571162 -0.780107 -0.923788 -0.994521 -0.970282 -0.834565 -0.598845 -0.305407 -0.00319239 0.279949 0.536887 0.76134 0.934723 1.02463 0.997692 0.844688 0.590988 0.280855 -0.0390798 -0.327293 -0.558855 -0.730688 -0.845816 -0.899697 -0.888238 -0.814721 

-0.696066 -0.50183 -0.250224 0.0309002 0.311969 0.574476 0.797824 0.949779 1.00375 0.959281 0.833104 0.634946 0.368216 0.052723 -0.267675 -0.546708 -0.762149 -0.912702 -0.991721 -0.977722 -0.852637 -0.625014 -0.335146 -0.0325556 0.252814 0.512655 0.741193 0.921141 1.0209 1.00606 0.86452 0.618897 0.31231 -0.00851379 -0.301021 -0.538387 -0.716056 -0.837059 -0.897249 -0.892177 -0.824844 

-0.71189 -0.523836 -0.276713 0.00279029 0.284697 0.549988 0.778702 0.938993 1.00279 0.967405 0.848961 0.657847 0.397084 0.084493 -0.237496 -0.521666 -0.743525 -0.900866 -0.988005 -0.984121 -0.86976 -0.650577 -0.364705 -0.0620397 0.225426 0.488079 0.720526 0.906755 1.01608 1.01324 0.883358 0.646203 0.343609 0.0222943 -0.274252 -0.517336 -0.700839 -0.827695 -0.894167 -0.895486 -0.834343 

-0.727087 -0.545299 -0.302882 -0.0252682 0.257254 0.525104 0.758909 0.927306 1.00087 0.974681 0.864076 0.680093 0.425492 0.116175 -0.206999 -0.496053 -0.724242 -0.888291 -0.983387 -0.989481 -0.885913 -0.675497 -0.394048 -0.0916222 0.197796 0.463173 0.699361 0.891592 1.01019 1.01924 0.901174 0.672863 0.374711 0.0533112 -0.247003 -0.495709 -0.685038 -0.817727 -0.890451 -0.898165 -0.843216 

-0.741654 -0.566206 -0.328708 -0.0532505 0.229662 0.499852 0.738472 0.914734 0.998001 0.981098 0.878438 0.701669 0.453414 0.14773 -0.176217 -0.469887 -0.70431 -0.874989 -0.977883 -0.993807 -0.901078 -0.699735 -0.423137 -0.121279 0.169936 0.437949 0.67772 0.875683 1.00326 1.02406 0.917941 0.698837 0.405572 0.0845023 -0.219294 -0.47351 -0.668654 -0.807157 -0.886104 -0.900213 -0.851464 

-0.755589 -0.586543 -0.354166 -0.0811317 0.201944 0.474253 0.717416 0.901293 0.994182 0.986647 0.892039 0.722563 0.480824 0.179121 -0.145185 -0.443186 -0.683736 -0.860971 -0.971507 -0.997104 -0.915238 -0.723256 -0.451933 -0.150986 0.141859 0.412418 0.655625 0.859054 0.99531 1.02769 0.933638 0.724085 0.43615 0.115832 -0.191145 -0.450747 -0.651689 -0.795986 -0.881127 -0.901631 -0.859086 

-0.768889 -0.606298 -0.379233 -0.108887 0.174121 0.448334 0.695768 0.887 0.989412 0.991319 0.904869 0.742762 0.507697 0.210308 -0.113938 -0.415971 -0.66253 -0.846249 -0.964276 -0.99938 -0.92838 -0.746024 -0.480399 -0.180716 0.113577 0.386593 0.633094 0.841733 0.986359 1.03014 0.94824 0.748567 0.466401 0.147263 -0.16258 -0.427427 -0.634143 -0.784219 -0.875522 -0.902418 -0.866084 

-0.781551 -0.625458 -0.403887 -0.136491 0.146216 0.422118 0.673554 0.871873 0.983694 0.995105 0.916919 0.762256 0.534008 0.241255 -0.082513 -0.388264 -0.640702 -0.830833 -0.956205 -1.00064 -0.940491 -0.768007 -0.508494 -0.210442 0.0851051 0.360485 0.610148 0.82375 0.976434 1.03142 0.96173 0.772247 0.496281 0.178759 -0.13362 -0.403558 -0.616021 -0.771856 -0.86929 -0.902573 -0.872456 

-0.793575 -0.644014 -0.428106 -0.16392 0.118251 0.395628 0.6508 0.855934 0.97703 0.997995 0.928179 0.781033 0.559735 0.271926 -0.050947 -0.360088 -0.618262 -0.814734 -0.94731 -1.00091 -0.951561 -0.789172 -0.536179 -0.240135 0.0564579 0.334104 0.586804 0.805131 0.965562 1.03153 0.97409 0.795087 0.525747 0.21028 -0.104292 -0.37915 -0.597323 -0.7589 -0.862433 -0.902098 -0.878203 

-0.80496 -0.661956 -0.45187 -0.191148 0.0902498 0.36889 0.627535 0.839202 0.969426 0.999984 0.93864 0.799085 0.584858 0.302285 -0.0192776 -0.331468 -0.595221 -0.797963 -0.937606 -1.00018 -0.961583 -0.809488 -0.563416 -0.269764 0.0276513 0.307462 0.563081 0.785904 0.95377 1.03049 0.985305 0.817052 0.554757 0.241786 -0.0746219 -0.354215 -0.578052 -0.745355 -0.854954 -0.900992 -0.883326 

-0.815705 -0.679275 -0.475157 -0.21815 0.0622341 0.341926 0.603784 0.8217 0.960889 1.00106 0.948294 0.816401 0.609356 0.332297 0.0124569 -0.302428 -0.571591 -0.780528 -0.92711 -0.998475 -0.97055 -0.828926 -0.590164 -0.299298 -0.00129805 0.28057 0.538995 0.766095 0.941085 1.0283 0.995361 0.838109 0.583267 0.273238 -0.0446378 -0.328765 -0.558212 -0.731221 -0.846855 -0.899255 -0.887824 

-0.825811 -0.695964 -0.497949 -0.244903 0.0342268 0.314759 0.579576 0.803451 0.951426 1.00123 0.957132 0.832972 0.633211 0.361928 0.0442179 -0.272997 -0.547385 -0.76244 -0.915836 -0.995806 -0.978459 -0.84746 -0.616385 -0.328706 -0.0303721 0.253438 0.514562 0.74573 0.927536 1.02499 1.00425 0.858226 0.611235 0.304594 -0.0143689 -0.302813 -0.537807 -0.716502 -0.838137 -0.896887 -0.891698 

-0.835278 -0.712016 -0.520226 -0.271381 0.00625073 0.287413 0.554937 0.784479 0.941046 1.00047 0.965144 0.84879 0.656406 0.391146 0.0759667 -0.243203 -0.522616 -0.743709 -0.903801 -0.992189 -0.985308 -0.865063 -0.64204 -0.357953 -0.0595519 0.226078 0.489798 0.724834 0.913151 1.02056 1.01196 0.877372 0.638618 0.335812 0.016154 -0.276374 -0.516841 -0.7012 -0.828803 -0.893889 -0.894948 

-0.844106 -0.727426 -0.541973 -0.297561 -0.0216713 0.25991 0.529893 0.764809 0.929761 0.998795 0.972323 0.863847 0.678924 0.419918 0.107664 -0.213075 -0.497299 -0.724345 -0.891018 -0.987637 -0.991097 -0.881712 -0.66709 -0.387006 -0.0888173 0.198501 0.464716 0.703433 0.89796 1.01504 1.01849 0.895518 0.665376 0.366851 0.046899 -0.249464 -0.49532 -0.685318 -0.818856 -0.890262 -0.897575 

-0.852298 -0.742189 -0.563171 -0.323419 -0.0495165 0.232274 0.504473 0.744466 0.917582 0.99619 0.978661 0.878134 0.70075 0.448215 0.139271 -0.182644 -0.47145 -0.704357 -0.877504 -0.982167 -0.995829 -0.897387 -0.691498 -0.415829 -0.118147 0.170719 0.439332 0.68155 0.881992 1.00845 1.02383 0.912638 0.691467 0.397668 0.0778327 -0.2221 -0.473248 -0.668859 -0.808298 -0.886006 -0.899579 

-0.859853 -0.756301 -0.583806 -0.348931 -0.0772617 0.204527 0.478702 0.723476 0.904523 0.992655 0.984148 0.891646 0.72187 0.476007 0.170749 -0.151943 -0.445085 -0.683756 -0.863271 -0.975796 -0.999508 -0.912066 -0.715227 -0.444387 -0.147519 0.142743 0.413659 0.659208 0.865278 1.0008 1.02799 0.928707 0.716853 0.42822 0.108921 -0.194302 -0.450632 -0.651826 -0.797132 -0.881121 -0.90096 

-0.866774 -0.769758 -0.603863 -0.374074 -0.104884 0.17669 0.452608 0.701866 0.890599 0.988191 0.988779 0.904373 0.742271 0.503266 0.20206 -0.121003 -0.418222 -0.662551 -0.848334 -0.96854 -1.00214 -0.925733 -0.738241 -0.472642 -0.176908 0.114588 0.387709 0.636429 0.847845 0.992121 1.03096 0.943701 0.741493 0.458463 0.140127 -0.16609 -0.42748 -0.634221 -0.785361 -0.875609 -0.901719 

-0.873061 -0.782559 -0.623327 -0.398826 -0.13236 0.148788 0.426216 0.679664 0.875828 0.982797 0.992545 0.91631 0.761942 0.529965 0.233164 -0.0898598 -0.39088 -0.640752 -0.832706 -0.960417 -1.00373 -0.938373 -0.760505 -0.500558 -0.206291 0.086265 0.361495 0.613236 0.829725 0.982438 1.03275 0.9576 0.765351 0.488355 0.171415 -0.137486 -0.4038 -0.616049 -0.772987 -0.86947 -0.901855 

-0.878718 -0.794702 -0.642188 -0.423165 -0.159668 0.12084 0.399552 0.656897 0.860225 0.976475 0.995439 0.92745 0.780871 0.55608 0.264024 -0.0585475 -0.36308 -0.618371 -0.816402 -0.951444 -1.00429 -0.949971 -0.781985 -0.528097 -0.23564 0.0577891 0.335029 0.589648 0.810946 0.971775 1.03337 0.970384 0.788389 0.517852 0.202748 -0.108512 -0.379602 -0.597313 -0.760014 -0.862706 -0.90137 

-0.883744 -0.806186 -0.660432 -0.447068 -0.186783 0.0928702 0.372642 0.633593 0.843811 0.969228 0.997456 0.937785 0.799049 0.581586 0.294603 -0.0271022 -0.334842 -0.595419 -0.799433 -0.941638 -1.00383 -0.960518 -0.802649 -0.555221 -0.26493 0.0291747 0.308323 0.565686 0.791537 0.960157 1.03282 0.982038 0.810573 0.546911 0.234085 -0.0791936 -0.354895 -0.578018 -0.746444 -0.855318 -0.900262 

-0.888143 -0.817011 -0.67805 -0.470516 -0.213683 0.0648996 0.345512 0.609781 0.826605 0.961059 0.998588 0.94731 0.816465 0.606461 0.324864 0.00443992 -0.306191 -0.571907 -0.781813 -0.931019 -1.00235 -0.970004 -0.822466 -0.581893 -0.294131 0.000437277 0.281388 0.541368 0.771528 0.947614 1.0311 0.992547 0.831869 0.57549 0.265388 -0.0495568 -0.329691 -0.558167 -0.732281 -0.847308 -0.898534 

-0.891915 -0.827177 -0.695032 -0.493488 -0.240345 0.03695 0.318186 0.585489 0.808629 0.951976 0.998832 0.956018 0.833112 0.630683 0.354771 0.0360416 -0.277149 -0.547846 -0.763554 -0.919602 -0.999886 -0.978422 -0.841407 -0.608074 -0.323213 -0.0284067 0.254237 0.516711 0.750945 0.934172 1.02825 1.0019 0.852243 0.603545 0.296616 -0.0196288 -0.304002 -0.537766 -0.717529 -0.838676 -0.896184 

-0.895063 -0.836684 -0.711369 -0.515964 -0.266746 0.00904311 0.29069 0.560747 0.789906 0.941983 0.998181 0.963904 0.848981 0.654233 0.384289 0.0676653 -0.247742 -0.523251 -0.744668 -0.907407 -0.996437 -0.985769 -0.859443 -0.633726 -0.352147 -0.05734 0.22688 0.491735 0.729817 0.919861 1.02426 1.01008 0.871666 0.631035 0.327728 0.0105615 -0.277842 -0.516819 -0.70219 -0.829425 -0.893213 

-0.897589 -0.845534 -0.727055 -0.537927 -0.292864 -0.0187994 0.263047 0.535581 0.770459 0.93109 0.996633 0.970961 0.864065 0.677091 0.413383 0.0992729 -0.217997 -0.498134 -0.725167 -0.89445 -0.99202 -0.99204 -0.876548 -0.658811 -0.3809 -0.0863443 0.199329 0.466454 0.70817 0.904711 1.01916 1.01709 0.890107 0.657919 0.358683 0.0409838 -0.251226 -0.495334 -0.686269 -0.819557 -0.889622 

-0.899493 -0.853728 -0.742082 -0.559356 -0.318675 -0.046556 0.235281 0.510022 0.750312 0.919306 0.994183 0.977183 0.878359 0.699242 0.442022 0.130826 -0.187941 -0.47251 -0.705062 -0.880749 -0.986653 -0.997236 -0.892698 -0.683293 -0.40944 -0.1154 0.171597 0.440885 0.686032 0.888751 1.01295 1.02292 0.907539 0.684155 0.389437 0.0716067 -0.224169 -0.473316 -0.66977 -0.809073 -0.885409 

-0.900778 -0.861269 -0.756445 -0.580237 -0.344158 -0.0742052 0.207417 0.484099 0.729491 0.906641 0.99083 0.982565 0.891854 0.720668 0.470173 0.162286 -0.157603 -0.446394 -0.684366 -0.86632 -0.980352 -1.00136 -0.907871 -0.707134 -0.437734 -0.144487 0.143694 0.415043 0.663426 0.872012 1.00567 1.02756 0.923937 0.709703 0.419949 0.102397 -0.19669 -0.450772 -0.652696 -0.797976 -0.880577 

-0.901445 -0.86816 -0.77014 -0.600552 -0.36929 -0.101726 0.179477 0.457838 0.708023 0.89311 0.986572 0.987102 0.904547 0.741355 0.497805 0.193615 -0.127013 -0.419802 -0.66309 -0.851181 -0.973135 -1.00441 -0.922046 -0.730297 -0.465747 -0.173584 0.115633 0.388941 0.640379 0.854525 0.997338 1.03102 0.939277 0.734525 0.450175 0.133322 -0.168807 -0.427711 -0.635053 -0.786269 -0.875125 

-0.901495 -0.874401 -0.783162 -0.620286 -0.39405 -0.129096 0.151484 0.43127 0.685934 0.878724 0.981407 0.990787 0.916431 0.761291 0.524889 0.224774 -0.0962032 -0.392751 -0.641245 -0.835348 -0.96502 -1.0064 -0.935204 -0.752748 -0.493444 -0.202668 0.0874275 0.362595 0.616913 0.836321 0.987967 1.0333 0.953537 0.758582 0.480073 0.164344 -0.140539 -0.404141 -0.616844 -0.773953 -0.869054 

-0.90093 -0.879997 -0.79551 -0.639425 -0.418416 -0.156294 0.123462 0.404422 0.663252 0.8635 0.975338 0.993618 0.927502 0.780461 0.551396 0.255724 -0.0652048 -0.365258 -0.618843 -0.818837 -0.956026 -1.00732 -0.947331 -0.774452 -0.520791 -0.231715 0.0590897 0.336016 0.593052 0.817429 0.977587 1.03439 0.966697 0.781838 0.509599 0.195429 -0.111908 -0.380071 -0.598076 -0.761033 -0.862363 

-0.899751 -0.88495 -0.807181 -0.657955 -0.442367 -0.1833 0.0954323 0.377322 0.640005 0.847454 0.968364 0.995587 0.937755 0.798857 0.5773 0.286428 -0.0340513 -0.337344 -0.595896 -0.801664 -0.946172 -1.0072 -0.95841 -0.795375 -0.547751 -0.2607 0.0306338 0.309218 0.568818 0.797881 0.966222 1.03432 0.978739 0.804256 0.538709 0.226539 -0.0829374 -0.355512 -0.578752 -0.74751 -0.855055 

-0.897958 -0.889264 -0.818173 -0.675864 -0.465882 -0.210092 0.067417 0.349997 0.616222 0.830603 0.960489 0.996693 0.947186 0.816466 0.602575 0.316848 -0.00277677 -0.309028 -0.572416 -0.783844 -0.935478 -1.00604 -0.96843 -0.815485 -0.574287 -0.289598 0.00207414 0.282214 0.544233 0.777708 0.953899 1.03307 0.989647 0.825802 0.567362 0.257634 -0.0536504 -0.330475 -0.55888 -0.733389 -0.847128 

-0.895554 -0.892941 -0.828487 -0.69314 -0.488942 -0.236648 0.0394379 0.322475 0.591933 0.812967 0.951716 0.996929 0.955791 0.833281 0.627197 0.346946 0.0285839 -0.280332 -0.548416 -0.765392 -0.923963 -1.00385 -0.977381 -0.834751 -0.600364 -0.318381 -0.0265741 0.255016 0.519315 0.756938 0.940646 1.03067 0.999409 0.846443 0.595514 0.288677 -0.0240726 -0.304971 -0.538465 -0.718673 -0.838585 

-0.892538 -0.895985 -0.838123 -0.709773 -0.511526 -0.262948 0.0115165 0.294783 0.567166 0.794567 0.94205 0.996294 0.963567 0.849293 0.651143 0.376686 0.059995 -0.251278 -0.523907 -0.746323 -0.911646 -1.00065 -0.985255 -0.853143 -0.625945 -0.347021 -0.0552951 0.227635 0.494086 0.735602 0.926491 1.02713 1.00801 0.866148 0.623123 0.319627 0.00576907 -0.279014 -0.517513 -0.703365 -0.829427 

-0.888912 -0.8984 -0.847081 -0.725753 -0.533615 -0.288971 -0.016326 0.266946 0.541952 0.775423 0.931498 0.994783 0.970509 0.864494 0.674392 0.406032 0.0914202 -0.221889 -0.498904 -0.72665 -0.898548 -0.996448 -0.992047 -0.870633 -0.650992 -0.37549 -0.0840718 0.200083 0.468563 0.713728 0.911463 1.02245 1.01545 0.884887 0.650146 0.350443 0.0358465 -0.252619 -0.496033 -0.687471 -0.819653 

-0.884676 -0.900187 -0.855363 -0.741073 -0.555192 -0.314695 -0.0440687 0.23899 0.51632 0.755559 0.920066 0.992395 0.976615 0.87888 0.696923 0.434949 0.122823 -0.192192 -0.473419 -0.706389 -0.884689 -0.991261 -0.997753 -0.887195 -0.67547 -0.403756 -0.112887 0.172373 0.442764 0.691346 0.895593 1.01666 1.02171 0.902631 0.676544 0.381083 0.0661303 -0.2258 -0.47403 -0.670993 -0.809267 

-0.87983 -0.901351 -0.862971 -0.755723 -0.576238 -0.340101 -0.0716908 0.210942 0.490302 0.734998 0.907763 0.989127 0.981881 0.892443 0.71872 0.463404 0.154165 -0.162211 -0.447468 -0.685552 -0.870086 -0.985108 -1.00237 -0.902803 -0.699342 -0.43179 -0.141721 0.144516 0.416706 0.668483 0.878912 1.00978 1.02679 0.919354 0.702274 0.411507 0.0965895 -0.198573 -0.451514 -0.653938 -0.798268 

-0.874376 -0.901894 -0.869908 -0.769699 -0.596736 -0.365167 -0.0991719 0.182826 0.463926 0.713765 0.8946 0.984978 0.986304 0.90518 0.739764 0.491362 0.18541 -0.131973 -0.421065 -0.664153 -0.854761 -0.978005 -1.0059 -0.917435 -0.722572 -0.459558 -0.170556 0.116525 0.390406 0.645166 0.861449 1.00181 1.03069 0.935031 0.727298 0.44167 0.127192 -0.170957 -0.428493 -0.63631 -0.78666 

-0.868313 -0.90182 -0.876177 -0.782994 -0.616669 -0.389873 -0.126491 0.154667 0.437222 0.691886 0.880587 0.979947 0.989882 0.917085 0.76004 0.518792 0.21652 -0.101508 -0.394226 -0.642206 -0.838732 -0.969971 -1.00835 -0.931069 -0.745125 -0.487029 -0.19937 0.0884107 0.363878 0.621421 0.843237 0.992794 1.0334 0.94964 0.751577 0.471531 0.157905 -0.14297 -0.404977 -0.618114 -0.774443 

-0.861643 -0.901131 -0.881781 -0.795603 -0.636023 -0.414199 -0.15363 0.126488 0.410222 0.669388 0.865737 0.974035 0.992611 0.928156 0.779534 0.545662 0.247456 -0.0708442 -0.366968 -0.619724 -0.822017 -0.961026 -1.00972 -0.943687 -0.766967 -0.514169 -0.228141 0.0601867 0.337138 0.597275 0.824307 0.982741 1.03494 0.96316 0.775072 0.501047 0.188694 -0.114631 -0.380975 -0.599357 -0.761621 

-0.854364 -0.89983 -0.886723 -0.807524 -0.654782 -0.438125 -0.180566 0.0983138 0.382954 0.646298 0.850064 0.967243 0.99449 0.938389 0.798232 0.571945 0.278181 -0.0400122 -0.339307 -0.596719 -0.804635 -0.951189 -1.01001 -0.955271 -0.788062 -0.540944 -0.256847 0.0318659 0.310199 0.572751 0.804691 0.971678 1.0353 0.975572 0.797748 0.530174 0.219523 -0.0859628 -0.356499 -0.580044 -0.748195 

-0.846479 -0.897919 -0.891008 -0.818754 -0.672932 -0.461631 -0.207281 0.0701665 0.355448 0.622645 0.833584 0.959572 0.995516 0.947782 0.816124 0.59761 0.308657 -0.00904328 -0.311262 -0.573205 -0.786605 -0.940482 -1.00924 -0.965806 -0.808379 -0.56732 -0.285465 0.00346168 0.283076 0.547873 0.78442 0.959631 1.03449 0.986859 0.81957 0.55887 0.250356 -0.0569869 -0.33156 -0.560182 -0.734169 

-0.837987 -0.895401 -0.894639 -0.829289 -0.690461 -0.484698 -0.233756 0.0420692 0.327734 0.598457 0.816313 0.951025 0.995687 0.956332 0.833198 0.622631 0.338846 0.0220301 -0.282853 -0.549195 -0.767944 -0.928925 -1.00741 -0.975279 -0.827885 -0.593262 -0.313968 -0.0250119 0.255782 0.522665 0.763525 0.946626 1.03251 0.997007 0.840502 0.587092 0.281154 -0.0277272 -0.306171 -0.539779 -0.719546 

-0.828889 -0.892278 -0.897622 -0.839131 -0.707356 -0.507308 -0.25997 0.0140439 0.29984 0.573764 0.798269 0.941606 0.995002 0.964038 0.849446 0.646982 0.368711 0.0531747 -0.254099 -0.524703 -0.748668 -0.916539 -1.00454 -0.983679 -0.84655 -0.618734 -0.342333 -0.0535402 0.228328 0.497147 0.742038 0.93269 1.02939 1.006 0.860513 0.614796 0.311881 0.00179122 -0.280344 -0.518841 -0.704329 

-0.819186 -0.888551 -0.89996 -0.848278 -0.723606 -0.52944 -0.285904 -0.0138876 0.271795 0.548595 0.779471 0.93132 0.993458 0.970897 0.864859 0.67064 0.398215 0.0843564 -0.225021 -0.499741 -0.728796 -0.903346 -1.00064 -0.990997 -0.864344 -0.643702 -0.37053 -0.0821079 0.200729 0.471342 0.71999 0.917853 1.02512 1.01384 0.879572 0.641942 0.342495 0.0315422 -0.254094 -0.497376 -0.688522 

-0.808878 -0.884222 -0.901658 -0.856731 -0.7392 -0.551079 -0.311539 -0.0417042 0.243626 0.522982 0.75994 0.920172 0.991056 0.97691 0.879431 0.693581 0.427322 0.115541 -0.195643 -0.474324 -0.708343 -0.889368 -0.99572 -0.997227 -0.881238 -0.66813 -0.398534 -0.110699 0.172995 0.445269 0.697411 0.902144 1.01973 1.0205 0.89765 0.668487 0.372958 0.0614983 -0.227437 -0.475394 -0.672129 

-0.797966 -0.879294 -0.902721 -0.864491 -0.75413 -0.572205 -0.336857 -0.069385 0.215362 0.496954 0.739696 0.908169 0.987794 0.982074 0.893156 0.715785 0.455996 0.146692 -0.165988 -0.448466 -0.687326 -0.874625 -0.989803 -1.00236 -0.897208 -0.691983 -0.426314 -0.139296 0.145139 0.418948 0.67433 0.885592 1.01323 1.02598 0.914719 0.69439 0.403227 0.0916306 -0.200387 -0.452904 -0.655155 

-0.786452 -0.873767 -0.903153 -0.871559 -0.768386 -0.592801 -0.361837 -0.0969096 0.187029 0.470543 0.718764 0.89532 0.983672 0.98639 0.906028 0.737231 0.484203 0.177774 -0.136079 -0.422181 -0.66576 -0.859141 -0.982903 -1.0064 -0.912226 -0.715225 -0.453842 -0.167882 0.117174 0.392396 0.650777 0.868229 1.00563 1.03029 0.930753 0.71961 0.433263 0.121909 -0.172963 -0.429914 -0.637605 

-0.774336 -0.867642 -0.902958 -0.87794 -0.781962 -0.612852 -0.386462 -0.124258 0.158654 0.44378 0.697167 0.881634 0.97869 0.989857 0.918044 0.757901 0.511909 0.208751 -0.105942 -0.395484 -0.643661 -0.842936 -0.975039 -1.00935 -0.926271 -0.737823 -0.481086 -0.196437 0.0891111 0.365632 0.626781 0.850086 0.996967 1.03341 0.945729 0.744108 0.463023 0.152303 -0.145182 -0.406435 -0.619484 

-0.761621 -0.860921 -0.902142 -0.883635 -0.794851 -0.63234 -0.410712 -0.15141 0.130264 0.416695 0.67493 0.867121 0.97285 0.992474 0.9292 0.777778 0.539081 0.239586 -0.0756047 -0.368391 -0.621044 -0.826031 -0.966229 -1.0112 -0.939321 -0.759741 -0.508016 -0.224942 0.0609625 0.338672 0.602369 0.831194 0.987248 1.03535 0.959625 0.767846 0.492465 0.182779 -0.117064 -0.382479 -0.600798 

-0.748307 -0.853604 -0.900708 -0.888648 -0.807047 -0.651252 -0.43457 -0.178347 0.101882 0.389321 0.652078 0.851792 0.966151 0.994242 0.939494 0.796848 0.565686 0.270242 -0.0450938 -0.340918 -0.597924 -0.808448 -0.956494 -1.01196 -0.951355 -0.780945 -0.534599 -0.253377 0.0327409 0.311531 0.577568 0.811587 0.976501 1.03612 0.97242 0.790786 0.521547 0.213305 -0.0886289 -0.358057 -0.581553 

-0.734397 -0.845693 -0.89866 -0.892983 -0.818546 -0.669571 -0.458018 -0.20505 0.0735347 0.361688 0.62864 0.835662 0.958598 0.995161 0.948924 0.815096 0.591695 0.300681 -0.0144382 -0.313083 -0.574315 -0.790207 -0.945856 -1.01164 -0.962357 -0.801403 -0.560803 -0.281719 0.00445881 0.284226 0.552405 0.791294 0.964748 1.0357 0.984097 0.812892 0.550226 0.243845 -0.0598982 -0.333181 -0.561757 

-0.719894 -0.837189 -0.896002 -0.896645 -0.829344 -0.687285 -0.481037 -0.231499 0.0452457 0.333827 0.604641 0.818744 0.950191 0.995231 0.95749 0.832509 0.617078 0.330868 0.0163324 -0.284902 -0.550232 -0.771329 -0.934335 -1.01024 -0.972311 -0.821083 -0.586595 -0.309947 -0.0238705 0.256771 0.526906 0.77035 0.952015 1.03412 0.994639 0.834128 0.57846 0.274365 -0.0308946 -0.307865 -0.541416 

-0.704799 -0.828091 -0.892738 -0.899638 -0.839438 -0.704379 -0.50361 -0.257677 0.0170386 0.305768 0.580112 0.801053 0.940934 0.994452 0.965189 0.849078 0.641806 0.360763 0.0471873 -0.256394 -0.52569 -0.751833 -0.921954 -1.00777 -0.981202 -0.839952 -0.611941 -0.338036 -0.0522336 0.22918 0.501093 0.748786 0.938328 1.03138 1.00403 0.854461 0.606206 0.304827 -0.00164169 -0.282122 -0.52054 

-0.689117 -0.818401 -0.888872 -0.901968 -0.848827 -0.720842 -0.525719 -0.283566 -0.0110636 0.277542 0.55508 0.782606 0.930833 0.992825 0.972024 0.864791 0.665853 0.390331 0.0780952 -0.227579 -0.500702 -0.73174 -0.908735 -1.00425 -0.989019 -0.857981 -0.636807 -0.365962 -0.0806163 0.201466 0.474992 0.726633 0.923716 1.0275 1.01227 0.873859 0.633422 0.335194 0.0278357 -0.255966 -0.499135 

-0.67285 -0.808119 -0.884407 -0.903639 -0.857509 -0.736662 -0.547348 -0.309147 -0.0390385 0.24918 0.529577 0.763422 0.91989 0.990352 0.977993 0.879641 0.689193 0.419536 0.109024 -0.198476 -0.475283 -0.711068 -0.894703 -0.999679 -0.995754 -0.875141 -0.66116 -0.393699 -0.109004 0.173642 0.448624 0.703924 0.908206 1.02247 1.01933 0.892292 0.660066 0.365427 0.0575115 -0.229415 -0.477212 

-0.656003 -0.797246 -0.879346 -0.904657 -0.865484 -0.751827 -0.568479 -0.334403 -0.0668643 0.22071 0.503632 0.74352 0.908114 0.987032 0.983099 0.893621 0.711802 0.44834 0.139939 -0.169108 -0.449449 -0.689836 -0.879879 -0.994082 -1.0014 -0.891404 -0.684964 -0.421221 -0.137381 0.145723 0.422011 0.68069 0.891829 1.01633 1.02522 0.909729 0.686098 0.395489 0.0873585 -0.202483 -0.454779 

-0.638579 -0.785783 -0.873691 -0.905028 -0.872753 -0.766329 -0.589097 -0.359316 -0.0945197 0.192162 0.477277 0.722919 0.89551 0.982869 0.987342 0.906724 0.733658 0.476708 0.170808 -0.139495 -0.423213 -0.668063 -0.864287 -0.987471 -1.00594 -0.906744 -0.708187 -0.448499 -0.165732 0.117719 0.395175 0.656961 0.874614 1.00908 1.02993 0.926145 0.711475 0.425338 0.117349 -0.175188 -0.431848 

-0.620585 -0.773731 -0.867446 -0.904757 -0.879317 -0.780158 -0.609184 -0.38387 -0.121984 0.163564 0.450541 0.701642 0.882086 0.977863 0.990724 0.918946 0.754739 0.504606 0.201596 -0.109661 -0.39659 -0.645766 -0.847952 -0.979865 -1.00939 -0.921135 -0.730794 -0.475507 -0.19404 0.0896437 0.368135 0.632769 0.856592 1.00075 1.03346 0.941513 0.736158 0.454935 0.147452 -0.147549 -0.408428 

-0.602025 -0.761091 -0.860613 -0.903849 -0.885179 -0.793305 -0.628727 -0.408047 -0.149238 0.134945 0.423458 0.679712 0.867852 0.972016 0.993246 0.930283 0.775027 0.531999 0.232269 -0.0796297 -0.369596 -0.622963 -0.830895 -0.971281 -1.01174 -0.934554 -0.75275 -0.502214 -0.222286 0.061509 0.340909 0.608142 0.837794 0.991348 1.03579 0.955811 0.760107 0.484239 0.177639 -0.119585 -0.384533 

-0.582905 -0.747864 -0.853193 -0.902311 -0.89034 -0.805764 -0.64771 -0.431831 -0.17626 0.106332 0.396059 0.657152 0.852817 0.965332 0.994912 0.940732 0.794502 0.558853 0.262789 -0.0494268 -0.342246 -0.599671 -0.813142 -0.961739 -1.01299 -0.946981 -0.774024 -0.52859 -0.250453 0.0333273 0.313517 0.58311 0.818254 0.980902 1.03695 0.969017 0.783285 0.513209 0.207877 -0.0913145 -0.360174 

-0.563231 -0.734051 -0.84519 -0.900149 -0.894804 -0.817529 -0.666117 -0.455205 -0.203033 0.0777517 0.368374 0.633987 0.836992 0.957813 0.995723 0.950292 0.813149 0.585137 0.293122 -0.0190781 -0.314557 -0.575906 -0.794714 -0.95126 -1.01314 -0.958394 -0.794581 -0.554605 -0.278521 0.00511086 0.285974 0.557701 0.798002 0.969434 1.03692 0.981111 0.805654 0.541803 0.238134 -0.0627604 -0.335364 

-0.543012 -0.719655 -0.836604 -0.897366 -0.898576 -0.828592 -0.683936 -0.478153 -0.229538 0.0492305 0.340438 0.610243 0.82039 0.949462 0.995683 0.958963 0.830952 0.610818 0.323232 0.0113895 -0.286545 -0.551686 -0.775635 -0.939865 -1.0122 -0.968777 -0.81439 -0.580227 -0.306469 -0.0231277 0.258299 0.531942 0.777071 0.956969 1.03572 0.992076 0.827177 0.56998 0.268376 -0.033944 -0.310116 

-0.522254 -0.704677 -0.827438 -0.89397 -0.901658 -0.838951 -0.701152 -0.500658 -0.255757 0.0207939 0.31228 0.585947 0.803023 0.940283 0.994793 0.966743 0.847899 0.635867 0.353082 0.0419479 -0.258227 -0.527025 -0.755927 -0.927578 -1.01018 -0.978112 -0.833418 -0.605425 -0.334276 -0.0513757 0.230507 0.505861 0.755493 0.94353 1.03336 1.0019 0.847821 0.597698 0.298568 -0.0048887 -0.284447 

-0.500965 -0.689119 -0.817692 -0.889965 -0.904057 -0.848601 -0.717753 -0.522706 -0.281671 -0.00753324 0.283933 0.561127 0.784908 0.93028 0.993057 0.973633 0.863977 0.660254 0.382637 0.0725682 -0.229622 -0.501941 -0.735614 -0.91442 -1.00708 -0.986387 -0.851636 -0.630167 -0.361919 -0.0796199 0.202612 0.479483 0.733302 0.929146 1.02983 1.01056 0.86755 0.624915 0.328676 0.0243815 -0.25837 

-0.479155 -0.672985 -0.807368 -0.885356 -0.905778 -0.857539 -0.733727 -0.54428 -0.307264 -0.0357268 0.255429 0.535811 0.766058 0.91946 0.990478 0.979636 0.879175 0.683952 0.411859 0.10322 -0.200747 -0.476448 -0.714715 -0.900416 -1.00291 -0.993589 -0.869013 -0.654419 -0.389376 -0.107847 0.17463 0.452833 0.710529 0.913844 1.02516 1.01806 0.886334 0.651591 0.358662 0.0538415 -0.231901 

-0.456834 -0.656277 -0.796467 -0.880147 -0.906825 -0.865764 -0.749062 -0.565366 -0.332519 -0.0637634 0.226798 0.510029 0.746491 0.907827 0.98706 0.984753 0.893486 0.706933 0.440712 0.133874 -0.171622 -0.450562 -0.693254 -0.88559 -0.997693 -0.999707 -0.885522 -0.678148 -0.416623 -0.136042 0.146575 0.425936 0.687206 0.897652 1.01936 1.02437 0.904143 0.677684 0.38849 0.0834651 -0.205059 

-0.434012 -0.638999 -0.784991 -0.874344 -0.907206 -0.873274 -0.763747 -0.585947 -0.35742 -0.0916202 0.198072 0.48381 0.726226 0.895388 0.982806 0.988987 0.9069 0.729173 0.469162 0.164498 -0.142267 -0.424299 -0.671251 -0.869967 -0.991436 -1.00473 -0.901134 -0.701322 -0.443633 -0.164192 0.11846 0.398814 0.663366 0.880601 1.01244 1.02951 0.920946 0.703153 0.418122 0.113225 -0.17786 

-0.410699 -0.621155 -0.772941 -0.867951 -0.906925 -0.880069 -0.777772 -0.60601 -0.38195 -0.119275 0.169281 0.457186 0.70528 0.88215 0.97772 0.992341 0.919413 0.750649 0.497173 0.195059 -0.112704 -0.397675 -0.648726 -0.853572 -0.984157 -1.00867 -0.915823 -0.723908 -0.47038 -0.192281 0.090298 0.37149 0.63904 0.86272 1.00442 1.03346 0.936718 0.727958 0.447519 0.143093 -0.150324 

-0.386908 -0.60275 -0.760317 -0.860972 -0.90599 -0.886149 -0.791127 -0.625539 -0.406093 -0.146707 0.140454 0.430187 0.683676 0.868122 0.971806 0.994819 0.931018 0.771337 0.524709 0.225524 -0.0829533 -0.370704 -0.6257 -0.836429 -0.975872 -1.0115 -0.929566 -0.745872 -0.496839 -0.220292 0.0621026 0.343984 0.614259 0.844041 0.995319 1.03621 0.951432 0.752059 0.476643 0.17304 -0.122469 

-0.362651 -0.583788 -0.747122 -0.85341 -0.904407 -0.891516 -0.803805 -0.644522 -0.429835 -0.173896 0.111622 0.402845 0.661434 0.853312 0.965068 0.996424 0.941713 0.791218 0.551737 0.255861 -0.0530383 -0.343403 -0.602193 -0.818564 -0.9666 -1.01322 -0.942338 -0.767182 -0.52298 -0.24821 0.0338862 0.316318 0.589054 0.824596 0.985159 1.03778 0.965067 0.775419 0.505453 0.203037 -0.0943164 

-0.337941 -0.564275 -0.733355 -0.845269 -0.902182 -0.896172 -0.815797 -0.662943 -0.45316 -0.200821 0.0828139 0.375191 0.638577 0.837729 0.95751 0.997161 0.951494 0.810272 0.578223 0.286034 -0.0229824 -0.315787 -0.578223 -0.800002 -0.95636 -1.01385 -0.954119 -0.787804 -0.548776 -0.276017 0.00566145 0.288512 0.563454 0.804416 0.97396 1.03816 0.9776 0.797998 0.533909 0.23305 -0.0658869 

-0.312793 -0.544218 -0.71902 -0.836553 -0.899323 -0.90012 -0.827096 -0.68079 -0.476054 -0.227463 0.0540571 0.347258 0.615129 0.821386 0.949138 0.997036 0.960361 0.828481 0.604134 0.316011 0.00718974 -0.287874 -0.553809 -0.780768 -0.945173 -1.01337 -0.964888 -0.807708 -0.574197 -0.303694 -0.0225591 0.260582 0.537489 0.783533 0.961746 1.03735 0.989013 0.81976 0.561973 0.26305 -0.0372029 

-0.287221 -0.523624 -0.704117 -0.827264 -0.895834 -0.903362 -0.837696 -0.69805 -0.498501 -0.253804 0.0253794 0.319077 0.591115 0.804293 0.939956 0.996052 0.968313 0.84583 0.629439 0.345754 0.0374527 -0.259678 -0.528969 -0.760887 -0.933062 -1.01181 -0.974628 -0.826861 -0.599213 -0.331223 -0.0507629 0.232549 0.511187 0.761981 0.948542 1.03537 0.999288 0.840669 0.589603 0.293002 -0.0082875 

-0.261242 -0.5025 -0.688648 -0.817405 -0.891724 -0.905903 -0.847592 -0.714711 -0.520487 -0.279826 -0.00319208 0.290682 0.56656 0.786463 0.92997 0.994215 0.97535 0.862304 0.654106 0.37523 0.0677802 -0.231218 -0.503722 -0.740384 -0.920048 -1.00915 -0.983322 -0.845232 -0.623793 -0.358583 -0.0789372 0.204428 0.484576 0.739793 0.934374 1.03222 1.00841 0.860691 0.616758 0.322873 0.0208354 

-0.234871 -0.480854 -0.672616 -0.806979 -0.886999 -0.907747 -0.856778 -0.730759 -0.541999 -0.305511 -0.0316313 0.262105 0.541491 0.767911 0.919186 0.99153 0.981475 0.877891 0.678106 0.404404 0.0981449 -0.20251 -0.478084 -0.719282 -0.906157 -1.00541 -0.990957 -0.862792 -0.647906 -0.385754 -0.107069 0.176236 0.457684 0.717 0.919269 1.02791 1.01637 0.879793 0.6434 0.352628 0.050141 

-0.208126 -0.458695 -0.656022 -0.795988 -0.881664 -0.9089 -0.865253 -0.746184 -0.563023 -0.330842 -0.0599128 0.233377 0.515936 0.74865 0.907611 0.988004 0.986689 0.892578 0.701411 0.433239 0.128519 -0.173573 -0.452074 -0.697607 -0.891413 -1.0006 -0.997519 -0.879511 -0.671522 -0.412713 -0.135146 0.147989 0.430535 0.693635 0.903256 1.02245 1.02315 0.897942 0.669486 0.382233 0.0796033 

-0.181025 -0.436034 -0.638871 -0.784435 -0.875726 -0.909366 -0.873011 -0.760975 -0.583545 -0.355804 -0.0880119 0.204531 0.489923 0.728698 0.89525 0.983641 0.990996 0.906357 0.723993 0.461701 0.158872 -0.144426 -0.425707 -0.675381 -0.87584 -0.994734 -1.003 -0.895361 -0.694608 -0.439438 -0.163153 0.119702 0.403155 0.669732 0.886363 1.01586 1.02874 0.915109 0.694977 0.41165 0.109196 

-0.153588 -0.412881 -0.621165 -0.772321 -0.869191 -0.909152 -0.880052 -0.775122 -0.603552 -0.38038 -0.115905 0.175598 0.463481 0.70807 0.882112 0.978449 0.994401 0.919218 0.745826 0.489754 0.189176 -0.115087 -0.399001 -0.652629 -0.859465 -0.987823 -1.00739 -0.910315 -0.717132 -0.465905 -0.191077 0.0913899 0.375569 0.645321 0.868621 1.00816 1.03315 0.931265 0.719834 0.440843 0.138891 

-0.125833 -0.389247 -0.602907 -0.759648 -0.862065 -0.908263 -0.886375 -0.788614 -0.623031 -0.404556 -0.143569 0.146611 0.436641 0.686786 0.868205 0.972432 0.996906 0.931156 0.766886 0.517364 0.2194 -0.085576 -0.371973 -0.629371 -0.842313 -0.979883 -1.01068 -0.924347 -0.739062 -0.49209 -0.218903 0.0630661 0.347801 0.620437 0.85006 0.999361 1.03636 0.946383 0.744018 0.469776 0.16866 

-0.0977826 -0.365145 -0.584102 -0.746418 -0.854353 -0.906707 -0.891978 -0.801442 -0.64197 -0.428317 -0.170981 0.1176 0.409433 0.664864 0.853536 0.965599 0.998519 0.942165 0.787149 0.544496 0.249512 -0.0559145 -0.344638 -0.605632 -0.82441 -0.97093 -1.01287 -0.937433 -0.760367 -0.517967 -0.246617 0.0347447 0.319872 0.595109 0.830712 0.989485 1.03837 0.960438 0.767489 0.498409 0.198473 

-0.0694573 -0.340587 -0.564756 -0.732634 -0.846061 -0.904491 -0.896862 -0.813597 -0.660355 -0.451648 -0.198121 0.0885953 0.381888 0.642325 0.838117 0.957954 0.999244 0.95224 0.806595 0.571117 0.27948 -0.0261235 -0.317014 -0.581433 -0.805784 -0.960984 -1.01396 -0.94955 -0.781013 -0.543509 -0.274203 0.00643911 0.291804 0.569368 0.810609 0.978552 1.03919 0.973407 0.790209 0.526706 0.228301 

-0.0408797 -0.315587 -0.544872 -0.718296 -0.837193 -0.90162 -0.901028 -0.825073 -0.678175 -0.474535 -0.224967 0.0596277 0.354037 0.61919 0.821955 0.949505 0.999089 0.961379 0.825202 0.597192 0.309272 0.0037748 -0.289116 -0.556794 -0.786461 -0.950065 -1.01394 -0.960677 -0.80097 -0.568691 -0.301644 -0.0218376 0.263619 0.543246 0.789784 0.966587 1.03882 0.985269 0.812143 0.554627 0.258113 

-0.0120733 -0.290161 -0.524457 -0.703408 -0.827755 -0.898103 -0.904479 -0.835861 -0.695418 -0.496966 -0.2515 0.0307266 0.325913 0.595483 0.805064 0.940258 0.998058 0.969581 0.842952 0.622689 0.338855 0.0337573 -0.260961 -0.531736 -0.766467 -0.938192 -1.01283 -0.970794 -0.820207 -0.593483 -0.328922 -0.0500725 0.235335 0.516773 0.768268 0.953612 1.03725 0.996005 0.833253 0.582133 0.287876 

0.0169378 -0.264322 -0.503518 -0.68797 -0.81775 -0.893947 -0.907216 -0.845955 -0.712073 -0.518927 -0.277701 0.00192079 0.297547 0.571225 0.787453 0.930221 0.996161 0.976846 0.859828 0.647575 0.368196 0.0638 -0.232567 -0.506281 -0.745829 -0.925388 -1.01061 -0.979882 -0.838692 -0.617858 -0.356022 -0.0782526 0.206973 0.489976 0.746095 0.939654 1.03451 1.0056 0.853505 0.609186 0.317557 

0.0461286 -0.238089 -0.482062 -0.671985 -0.807183 -0.889159 -0.909243 -0.855349 -0.728128 -0.540405 -0.303551 -0.0267616 0.268972 0.546443 0.769136 0.919402 0.993403 0.983174 0.875816 0.671821 0.397259 0.0938783 -0.20395 -0.480447 -0.724574 -0.911677 -1.00731 -0.987926 -0.856395 -0.641787 -0.382922 -0.106365 0.178551 0.462886 0.723299 0.92474 1.03059 1.01403 0.872864 0.635747 0.347125 

0.0754732 -0.211479 -0.460097 -0.655455 -0.796058 -0.883747 -0.910564 -0.864038 -0.743573 -0.561388 -0.329034 -0.055293 0.24022 0.52116 0.750126 0.907807 0.989794 0.988568 0.8909 0.695396 0.426012 0.123966 -0.175127 -0.454254 -0.702727 -0.897083 -1.00292 -0.994911 -0.873286 -0.665239 -0.409605 -0.134397 0.150085 0.435529 0.699911 0.908897 1.02552 1.02129 0.891299 0.661777 0.376544 

0.104945 -0.184508 -0.437632 -0.638383 -0.784379 -0.877717 -0.911183 -0.872018 -0.758397 -0.581864 -0.354131 -0.0836468 0.211325 0.495405 0.730437 0.895445 0.98534 0.99303 0.905069 0.718271 0.454421 0.154038 -0.146116 -0.427721 -0.680315 -0.881631 -0.997462 -1.00082 -0.889338 -0.688185 -0.436049 -0.162335 0.121594 0.407932 0.675966 0.892155 1.01929 1.02738 0.908777 0.687236 0.40578 

0.134516 -0.157198 -0.414676 -0.620772 -0.772149 -0.871078 -0.911104 -0.879285 -0.77259 -0.601822 -0.378829 -0.111797 0.182318 0.469204 0.710085 0.882325 0.980049 0.996565 0.918313 0.740419 0.48245 0.184066 -0.116935 -0.400866 -0.657363 -0.865346 -0.99094 -1.00566 -0.904521 -0.710595 -0.462234 -0.190166 0.0930923 0.380122 0.651495 0.874544 1.01194 1.03227 0.925269 0.712086 0.434798 

0.164159 -0.129567 -0.39124 -0.602625 -0.759372 -0.863836 -0.910335 -0.885836 -0.786143 -0.621249 -0.40311 -0.139719 0.153231 0.442586 0.689086 0.868454 0.973931 0.999178 0.930622 0.761811 0.510065 0.214022 -0.0876032 -0.373707 -0.633897 -0.848255 -0.98337 -1.0094 -0.91881 -0.732437 -0.488137 -0.217876 0.0645967 0.352124 0.626533 0.856093 1.00346 1.03597 0.940747 0.736289 0.463561 

0.193844 -0.101637 -0.367336 -0.583945 -0.74605 -0.855998 -0.90888 -0.89167 -0.799046 -0.640134 -0.42696 -0.167388 0.124098 0.415579 0.667457 0.853842 0.966994 1.00087 0.941989 0.782425 0.537233 0.243878 -0.0581391 -0.346263 -0.60994 -0.830385 -0.974767 -1.01204 -0.93218 -0.753681 -0.513735 -0.245452 0.036122 0.323961 0.60111 0.836836 0.993896 1.03846 0.955185 0.759807 0.492034 

0.223541 -0.073429 -0.342975 -0.564737 -0.732186 -0.847571 -0.906746 -0.896784 -0.811291 -0.658467 -0.450365 -0.194782 0.0949498 0.388213 0.645216 0.838499 0.959246 1.00166 0.952408 0.802234 0.56392 0.273603 -0.0285626 -0.31855 -0.585518 -0.811764 -0.965149 -1.01359 -0.944605 -0.774296 -0.539005 -0.272878 0.00768265 0.295658 0.575259 0.816803 0.983253 1.03976 0.968557 0.782603 0.52018 

0.25322 -0.0449661 -0.318171 -0.545005 -0.717784 -0.838562 -0.903939 -0.901179 -0.82287 -0.676237 -0.473312 -0.221877 0.0658177 0.360519 0.622383 0.822435 0.950696 1.00154 0.961875 0.821218 0.590091 0.303168 0.00110592 -0.290588 -0.560653 -0.792418 -0.954533 -1.01403 -0.956062 -0.794251 -0.563921 -0.300141 -0.0207071 0.267238 0.549011 0.796028 0.971555 1.03986 0.980841 0.804639 0.547962 

0.282849 -0.0162716 -0.292937 -0.524754 -0.702846 -0.828977 -0.900468 -0.904855 -0.833776 -0.693433 -0.495787 -0.248652 0.036733 0.332526 0.598978 0.80566 0.941354 1.00053 0.970387 0.839355 0.615715 0.332542 0.0308455 -0.262392 -0.53537 -0.772376 -0.942939 -1.01336 -0.966532 -0.813516 -0.58846 -0.327223 -0.0490335 0.238721 0.522398 0.774543 0.958828 1.03875 0.992016 0.825881 0.575343 

0.312396 0.0126299 -0.267289 -0.50399 -0.687375 -0.818823 -0.896338 -0.907812 -0.844001 -0.710046 -0.517779 -0.275087 0.00772614 0.304267 0.575023 0.788187 0.931227 0.998635 0.977941 0.856625 0.640758 0.361692 0.0606345 -0.233979 -0.509691 -0.751665 -0.930389 -1.0116 -0.975993 -0.832059 -0.612593 -0.35411 -0.0772829 0.210129 0.495449 0.752383 0.945095 1.03646 1.00206 0.846292 0.602285 

0.34183 0.0417134 -0.241242 -0.482719 -0.671374 -0.808105 -0.891559 -0.910053 -0.853538 -0.726066 -0.539275 -0.301161 -0.0211729 0.275773 0.550539 0.770026 0.920327 0.995859 0.984538 0.873012 0.665188 0.390589 0.0904503 -0.205369 -0.483638 -0.730314 -0.916905 -1.00873 -0.984429 -0.849851 -0.636296 -0.380783 -0.105442 0.181482 0.468195 0.729579 0.930385 1.03298 1.01096 0.86584 0.62875 

0.371116 0.0709528 -0.214813 -0.460948 -0.654845 -0.796829 -0.886136 -0.911579 -0.862383 -0.741482 -0.560263 -0.326857 -0.0499348 0.247077 0.52555 0.75119 0.908661 0.992214 0.99018 0.888498 0.688976 0.419198 0.12027 -0.176576 -0.457233 -0.70835 -0.90251 -1.00478 -0.991821 -0.866863 -0.659539 -0.407227 -0.133497 0.152799 0.440663 0.706167 0.914723 1.02833 1.01871 0.884491 0.654702 

0.40022 0.100321 -0.188019 -0.438685 -0.637792 -0.785001 -0.88008 -0.912393 -0.870529 -0.756287 -0.580734 -0.352156 -0.0785311 0.21821 0.50008 0.731694 0.896241 0.98771 0.994867 0.903069 0.712089 0.447487 0.150069 -0.14762 -0.430497 -0.685801 -0.88723 -0.999734 -0.998157 -0.883065 -0.682296 -0.433422 -0.161436 0.124099 0.412883 0.682179 0.89814 1.02252 1.02528 0.902213 0.680101 

0.429109 0.129791 -0.160881 -0.415939 -0.620216 -0.772626 -0.873396 -0.9125 -0.877973 -0.77047 -0.600675 -0.377041 -0.106934 0.189205 0.474154 0.711551 0.883074 0.982357 0.998605 0.916712 0.7345 0.475424 0.179823 -0.118518 -0.40345 -0.662695 -0.871088 -0.993617 -1.00342 -0.89843 -0.704538 -0.459349 -0.189244 0.0953992 0.384882 0.65765 0.880665 1.01555 1.03066 0.918977 0.704912 

0.457748 0.159334 -0.133416 -0.392718 -0.602123 -0.759709 -0.866094 -0.911903 -0.884709 -0.784023 -0.620078 -0.401495 -0.135116 0.160095 0.447799 0.690775 0.869173 0.976165 1.0014 0.929415 0.75618 0.502976 0.209506 -0.0892873 -0.376113 -0.639059 -0.854113 -0.986437 -1.00761 -0.91293 -0.726235 -0.484989 -0.216909 0.0667171 0.356685 0.632612 0.86233 1.00745 1.03486 0.934752 0.729097 

0.4861 0.18892 -0.105646 -0.369033 -0.583514 -0.746254 -0.858182 -0.910607 -0.890736 -0.796939 -0.638931 -0.425505 -0.163051 0.130911 0.421042 0.669384 0.854546 0.969145 1.00325 0.94117 0.777103 0.530108 0.239093 -0.0599466 -0.348505 -0.61492 -0.83633 -0.978207 -1.0107 -0.926538 -0.74736 -0.510322 -0.244416 0.0380691 0.328321 0.607098 0.843165 0.998239 1.03785 0.949513 0.752619 

0.514132 0.218521 -0.0775928 -0.344896 -0.564394 -0.732267 -0.849667 -0.908618 -0.89605 -0.809208 -0.657225 -0.449053 -0.190715 0.101688 0.393909 0.647392 0.839205 0.961308 1.00417 0.951967 0.797241 0.556788 0.268555 -0.0305143 -0.320645 -0.590303 -0.817768 -0.968941 -1.0127 -0.939231 -0.767881 -0.535324 -0.271753 0.00947112 0.299812 0.581143 0.823203 0.987927 1.03965 0.963232 0.775441 

0.541806 0.248104 -0.0492779 -0.320316 -0.544768 -0.717751 -0.840557 -0.905941 -0.900649 -0.820823 -0.674952 -0.472128 -0.218081 0.0724555 0.36643 0.624819 0.823161 0.952664 1.00416 0.961801 0.816571 0.582984 0.297866 -0.00100956 -0.292553 -0.565236 -0.798455 -0.958657 -1.0136 -0.950982 -0.78777 -0.559976 -0.298904 -0.0190615 0.271183 0.554777 0.802477 0.97654 1.04024 0.975885 0.797529 

0.569088 0.27764 -0.0207252 -0.295309 -0.524638 -0.702711 -0.83086 -0.902583 -0.904532 -0.831778 -0.692102 -0.494716 -0.245128 0.0432471 0.338634 0.601683 0.806425 0.943224 1.00323 0.970666 0.83507 0.608661 0.326997 0.0285481 -0.264248 -0.539744 -0.778419 -0.947373 -1.0134 -0.961771 -0.806998 -0.584253 -0.325856 -0.0475139 0.242458 0.528033 0.78102 0.964099 1.03964 0.987451 0.818846 

0.59594 0.307096 0.0080412 -0.269887 -0.504012 -0.68715 -0.820584 -0.898551 -0.907699 -0.842065 -0.708667 -0.516803 -0.271832 0.014094 0.310551 0.578001 0.789008 0.932999 1.0014 0.978559 0.852717 0.633789 0.355919 0.0581386 -0.235747 -0.513851 -0.757689 -0.93511 -1.01209 -0.971575 -0.825534 -0.608132 -0.352594 -0.0758715 0.213659 0.500942 0.758867 0.950631 1.03783 0.997909 0.839358 

0.622326 0.33644 0.036996 -0.244065 -0.482894 -0.671073 -0.809737 -0.893851 -0.910149 -0.851678 -0.724637 -0.538379 -0.298172 -0.0149724 0.28221 0.553796 0.770923 0.922002 0.998662 0.985478 0.86949 0.658334 0.384602 0.0877414 -0.207068 -0.487583 -0.736294 -0.921887 -1.00968 -0.980376 -0.843349 -0.631588 -0.379101 -0.10412 0.184807 0.473534 0.736052 0.93616 1.03483 1.00724 0.859032 

0.648209 0.365639 0.0661132 -0.21786 -0.46129 -0.654483 -0.798325 -0.888491 -0.911884 -0.86061 -0.740006 -0.559433 -0.324128 -0.0439217 0.253644 0.529088 0.752182 0.910243 0.995039 0.991422 0.885371 0.682265 0.413016 0.117335 -0.178231 -0.460963 -0.714263 -0.907729 -1.00617 -0.988154 -0.860415 -0.654597 -0.405362 -0.132246 0.155923 0.445841 0.712609 0.920714 1.03065 1.01543 0.877835 

0.673554 0.394659 0.0953659 -0.191287 -0.439208 -0.637385 -0.786357 -0.88248 -0.912905 -0.868858 -0.754765 -0.579953 -0.349679 -0.0727234 0.224883 0.5039 0.732799 0.897734 0.990538 0.996393 0.900344 0.705552 0.44113 0.146898 -0.149251 -0.434014 -0.691625 -0.892659 -1.00157 -0.994893 -0.876702 -0.677132 -0.43136 -0.160235 0.127027 0.417891 0.688572 0.904321 1.02528 1.02245 0.895736 

0.698325 0.423466 0.124726 -0.164364 -0.416654 -0.619781 -0.773838 -0.875824 -0.913213 -0.876414 -0.768907 -0.59993 -0.374807 -0.101348 0.195959 0.478253 0.712788 0.884486 0.98517 1.00039 0.914392 0.728165 0.468914 0.176408 -0.120149 -0.406759 -0.66841 -0.876701 -0.995878 -1.00058 -0.892184 -0.699168 -0.457078 -0.188073 0.0981392 0.389713 0.663976 0.887012 1.01876 1.02831 0.912704 

0.722484 0.452027 0.154166 -0.137111 -0.393638 -0.601677 -0.760775 -0.868532 -0.912813 -0.883276 -0.782424 -0.619354 -0.399494 -0.129767 0.166903 0.452173 0.692162 0.870512 0.978948 1.00343 0.927502 0.750074 0.496336 0.20584 -0.0909409 -0.379221 -0.644646 -0.859882 -0.989111 -1.0052 -0.906831 -0.720678 -0.482498 -0.215748 0.0692767 0.361334 0.638855 0.868816 1.01108 1.03299 0.928709 

0.745997 0.480306 0.183656 -0.109547 -0.370167 -0.583075 -0.747176 -0.860613 -0.911707 -0.889439 -0.795309 -0.638217 -0.423724 -0.157952 0.137749 0.425684 0.670937 0.855823 0.971882 1.0055 0.939662 0.77125 0.523363 0.235173 -0.0616453 -0.351422 -0.620362 -0.842229 -0.98128 -1.00874 -0.920618 -0.741635 -0.507602 -0.243245 0.0404577 0.332783 0.613243 0.849766 1.00227 1.03648 0.943725 

0.768828 0.508268 0.213166 -0.0816934 -0.346252 -0.563981 -0.733045 -0.852074 -0.909898 -0.8949 -0.807555 -0.656509 -0.447481 -0.185876 0.108529 0.398811 0.649128 0.840432 0.963986 1.00661 0.950862 0.791668 0.549966 0.26438 -0.0322803 -0.323382 -0.595587 -0.823769 -0.972396 -1.01119 -0.933519 -0.76201 -0.53237 -0.270552 0.0116994 0.304084 0.587174 0.829894 0.992345 1.03877 0.957724 

0.790943 0.535878 0.242665 -0.053571 -0.321904 -0.544398 -0.718391 -0.842926 -0.907393 -0.899655 -0.819156 -0.674223 -0.47075 -0.213513 0.0792738 0.371581 0.626752 0.82435 0.955273 1.00677 0.961092 0.8113 0.576111 0.293437 -0.00286444 -0.295122 -0.570347 -0.80453 -0.962476 -1.01256 -0.945509 -0.781777 -0.556782 -0.297653 -0.0169817 0.275264 0.560682 0.809235 0.981321 1.03986 0.970682 

0.812306 0.563101 0.272122 -0.0252031 -0.297133 -0.524331 -0.703217 -0.833175 -0.904196 -0.903703 -0.830106 -0.691351 -0.493517 -0.240836 0.0500167 0.344022 0.603826 0.807591 0.945754 1.006 0.970345 0.830122 0.601766 0.322318 0.0265837 -0.266663 -0.544672 -0.784543 -0.951535 -1.01282 -0.956565 -0.800907 -0.580817 -0.324535 -0.0455697 0.246347 0.533799 0.78782 0.969222 1.03976 0.982575 

